rain/rear/1416907251866820.jpg 0.63554150 -0.50126291 -0.39261368 -0.43666578 19.48012212 -15.84541860 93.17389158
rain/rear/1416907251957808.jpg 0.63560975 -0.50124620 -0.39137290 -0.43769824 19.46849928 -16.25184856 93.89676164
rain/rear/1416907252139532.jpg 0.63555193 -0.50078463 -0.39130583 -0.43836999 19.37865083 -16.65346650 95.38826491
rain/rear/1416907252230391.jpg 0.63630024 -0.50047278 -0.39030501 -0.43853278 19.58935833 -17.01288542 96.07302487
rain/rear/1416907252321378.jpg 0.63645915 -0.50023769 -0.38988300 -0.43894561 19.56173831 -17.27105130 96.66852604
rain/rear/1416907252503102.jpg 0.63502106 -0.50196190 -0.39084172 -0.43820686 19.50735846 -17.03661377 98.15518932
rain/rear/1416907252594090.jpg 0.63468299 -0.50255447 -0.39076527 -0.43808561 19.52868612 -17.03872878 98.96698509
rain/rear/1416907252775813.jpg 0.63513935 -0.50276585 -0.38876664 -0.43895900 19.71908249 -17.60341734 100.21669500
rain/rear/1416907252866673.jpg 0.63532216 -0.50303404 -0.38715727 -0.43980877 19.80583748 -17.93088763 100.92876346
night/rear/1418235223450115.jpg 0.63528261 -0.50183862 -0.39071345 -0.43808333 19.64938499 -16.54963374 96.00074316
night/rear/1418235223540977.jpg 0.63501496 -0.50176887 -0.39060146 -0.43865077 19.54290365 -16.76929400 96.80057665
night/rear/1418235223631964.jpg 0.63469382 -0.50193999 -0.39098050 -0.43858209 19.49731899 -16.81608356 97.55528836
night/rear/1418235223813687.jpg 0.63297591 -0.50320672 -0.39202806 -0.43867813 19.25804156 -16.70320635 99.13911794
night/rear/1418235223904674.jpg 0.63334193 -0.50278673 -0.39168099 -0.43894134 19.27430700 -16.94729047 99.67569746
night/rear/1418235224086397.jpg 0.63297196 -0.50324050 -0.38807409 -0.44214703 19.27309815 -17.80650117 101.14934686
night/rear/1418235224177259.jpg 0.63316368 -0.50325019 -0.38809760 -0.44184075 19.36298230 -17.93468814 102.00885781
night/rear/1418235224268246.jpg 0.63269661 -0.50417358 -0.38795618 -0.44158125 19.42167821 -17.90380873 102.63845096
dawn/rear/1418721354984638.jpg 0.63809795 -0.50439122 -0.38767190 -0.43374071 20.87326848 -16.14428728 94.86118601
dawn/rear/1418721355075498.jpg 0.63822488 -0.50434710 -0.38787820 -0.43342070 20.87893549 -16.22946512 95.40425228
dawn/rear/1418721355257224.jpg 0.63935984 -0.50378765 -0.38631593 -0.43379373 21.11891055 -16.87763372 96.63392602
dawn/rear/1418721355439072.jpg 0.63780934 -0.50560978 -0.38711142 -0.43324675 21.05789095 -16.64844472 97.95344640
dawn/rear/1418721355529934.jpg 0.63778680 -0.50585126 -0.38690244 -0.43318472 21.08450883 -16.76298752 98.49309748
dawn/rear/1418721355711782.jpg 0.63831517 -0.50575216 -0.38493019 -0.43427785 21.18330110 -17.40463156 99.57136018
dawn/rear/1418721355802644.jpg 0.63826875 -0.50612795 -0.38305678 -0.43556285 21.24769015 -17.71175393 100.29117011
dawn/rear/1418721355984493.jpg 0.63780326 -0.50746675 -0.38110760 -0.43639604 21.41429062 -18.03892437 101.67520169
night-rain/rear/1418840405770055.jpg 0.63706887 -0.50619290 -0.38782502 -0.43301703 20.67298849 -15.51815469 93.13791328
night-rain/rear/1418840406020022.jpg 0.63698136 -0.50587227 -0.38722506 -0.43405616 20.59003523 -15.92202765 94.22211428
night-rain/rear/1418840406269992.jpg 0.63709320 -0.50513191 -0.38731028 -0.43467775 20.45221279 -16.31928092 95.44760485
night-rain/rear/1418840406394977.jpg 0.63863252 -0.50353550 -0.38589701 -0.43552727 20.61114074 -16.95055196 95.85161171
night-rain/rear/1418840406644947.jpg 0.63678332 -0.50555811 -0.38584712 -0.43593578 20.52407270 -16.86333990 97.04971279
night-rain/rear/1418840406894916.jpg 0.63594045 -0.50569432 -0.38664874 -0.43629778 20.27943594 -16.95087091 98.29299613
night-rain/rear/1418840407144884.jpg 0.63607547 -0.50475539 -0.38491947 -0.43871061 20.08997616 -17.74728467 99.38906679
night-rain/rear/1418840407269869.jpg 0.63597995 -0.50468505 -0.38438978 -0.43939390 20.04605767 -17.92806240 100.00745903
snow/rear/1422953219645359.jpg 0.62595787 -0.50306187 -0.39621175 -0.44510869 17.05370819 -15.37741202 94.45672675
snow/rear/1422953219736235.jpg 0.62570021 -0.50305989 -0.39589803 -0.44575189 17.00609461 -15.55453938 95.07350722
snow/rear/1422953219918112.jpg 0.62582086 -0.50275615 -0.39597317 -0.44585844 16.94811315 -15.82753362 96.22606067
snow/rear/1422953220099866.jpg 0.62661631 -0.50249428 -0.39388831 -0.44688198 17.16186132 -16.43531968 97.25526031
snow/rear/1422953220281742.jpg 0.62620484 -0.50343917 -0.39415479 -0.44615972 17.23304317 -16.40018657 98.29901561
snow/rear/1422953220372619.jpg 0.62504840 -0.50442740 -0.39423597 -0.44659322 17.09924831 -16.33148417 99.00963389
snow/rear/1422953220554495.jpg 0.62584343 -0.50367202 -0.39326518 -0.44718788 17.12629888 -16.85172400 99.96457347
snow/rear/1422953220736250.jpg 0.62565925 -0.50424795 -0.39087210 -0.44889141 17.19495987 -17.41300141 100.99264116
snow/rear/1422953220918125.jpg 0.62555395 -0.50515369 -0.38982721 -0.44892845 17.31566090 -17.59495603 102.21231964
sun/rear/1425997174178646.jpg 0.63012578 -0.50509455 -0.39298982 -0.43974993 19.00372027 -16.27925770 99.61324430
sun/rear/1425997174269522.jpg 0.63020592 -0.50443582 -0.39214857 -0.44114000 18.88910320 -16.74571128 100.43855887
sun/rear/1425997174451274.jpg 0.62944519 -0.50516755 -0.38879654 -0.44434418 18.76725433 -17.56065844 102.01904174
overcast-summer/rear/1432293482453153.jpg 0.63600786 -0.51026219 -0.38596567 -0.43145915 21.45950820 -15.13116535 93.52518728
overcast-summer/rear/1432293482544153.jpg 0.63562627 -0.50982423 -0.38589733 -0.43259883 21.29273610 -15.41612708 94.37938005
overcast-summer/rear/1432293482635029.jpg 0.63579556 -0.50872537 -0.38674604 -0.43288567 21.11232591 -15.62274846 95.14152624
overcast-summer/rear/1432293482816781.jpg 0.63669734 -0.50758004 -0.38574862 -0.43379373 21.17393751 -16.29823699 96.51703780
overcast-summer/rear/1432293482907784.jpg 0.63634975 -0.50787449 -0.38600000 -0.43373552 21.14509106 -16.34924127 97.29369812
overcast-summer/rear/1432293482998658.jpg 0.63432326 -0.50957335 -0.38701873 -0.43380353 20.93725550 -16.00640820 98.12893111
overcast-summer/rear/1432293483180534.jpg 0.63420639 -0.50923693 -0.38691117 -0.43446490 20.86610649 -16.38089270 99.55108201
overcast-summer/rear/1432293483271409.jpg 0.63462213 -0.50889071 -0.38514705 -0.43582881 20.92518099 -16.93737274 100.31027035
rain/rear/1416907265046760.jpg 0.64307659 -0.52450119 -0.34762624 -0.43647108 30.18849769 -40.31771465 193.09626533
rain/rear/1416907265137623.jpg 0.64385383 -0.52384516 -0.34676685 -0.43679658 30.31726937 -41.00836523 193.81134800
rain/rear/1416907265228485.jpg 0.64369461 -0.52419152 -0.34686993 -0.43653379 30.36637671 -40.99135472 194.57581216
rain/rear/1416907265410333.jpg 0.64231885 -0.52647080 -0.34805962 -0.43486722 30.61407962 -40.01509596 196.44339474
rain/rear/1416907265501194.jpg 0.64289560 -0.52623165 -0.34906196 -0.43349885 30.81798046 -39.86598429 197.18251763
night/rear/1418235253627586.jpg 0.65550496 -0.55056948 -0.31449285 -0.41022037 47.14453617 -38.37219055 188.26463873
night/rear/1418235253718447.jpg 0.65603106 -0.54955186 -0.31441414 -0.41080379 46.94290098 -38.92894052 188.85136589
night/rear/1418235253900295.jpg 0.65580085 -0.54958007 -0.31467563 -0.41093339 46.80754261 -39.09807396 190.16763366
night/rear/1418235253991157.jpg 0.65573470 -0.54932276 -0.31548851 -0.41075966 46.62662755 -39.09379980 191.01820134
night/rear/1418235254172883.jpg 0.65651580 -0.54750342 -0.31789464 -0.41008536 46.13140975 -39.33805156 192.36258014
night/rear/1418235254263869.jpg 0.65702340 -0.54665871 -0.31878794 -0.40970569 45.99534107 -39.47302462 192.94303761
night/rear/1418235254445593.jpg 0.65657368 -0.54671473 -0.31759723 -0.41127363 45.81889855 -40.05912471 194.23899096
night/rear/1418235254536454.jpg 0.65678573 -0.54679521 -0.31790093 -0.41059286 45.97062175 -40.00902626 194.87503761
night/rear/1418235254718303.jpg 0.65416034 -0.54983566 -0.32083134 -0.40843880 45.90274900 -38.07201483 196.62085515
dawn/rear/1418721368073611.jpg 0.65840945 -0.54825222 -0.31829703 -0.40571357 47.98277875 -38.01401339 189.21321991
dawn/rear/1418721368255333.jpg 0.65876210 -0.54883513 -0.31592958 -0.40620315 48.44622109 -38.86746506 190.52056805
dawn/rear/1418721368346320.jpg 0.65844950 -0.54944404 -0.31560933 -0.40613575 48.52821512 -38.91941295 191.31116097
dawn/rear/1418721368437181.jpg 0.65840641 -0.54949158 -0.31590347 -0.40591255 48.52460574 -38.92818184 191.96803590
dawn/rear/1418721368619031.jpg 0.65956160 -0.54802555 -0.31746260 -0.40480119 48.43189080 -39.29419154 193.62889991
dawn/rear/1418721368709891.jpg 0.66045023 -0.54686516 -0.31717188 -0.40514936 48.44103276 -39.86973671 194.18952080
dawn/rear/1418721368800753.jpg 0.66030788 -0.54713801 -0.31802437 -0.40434391 48.71472423 -39.34680382 195.21339821
dawn/rear/1418721368891617.jpg 0.65894233 -0.54881736 -0.31868087 -0.40377840 48.73317305 -38.61975277 196.06028762
dawn/rear/1418721369073464.jpg 0.65550267 -0.55202287 -0.31957902 -0.40429723 48.24035604 -37.50998654 197.99407003
night-rain/rear/1418840420268258.jpg 0.65035740 -0.54396254 -0.32628170 -0.41794766 41.34239958 -38.02795683 190.22209074
night-rain/rear/1418840420393242.jpg 0.65149213 -0.54267025 -0.32570232 -0.41831208 41.35018270 -38.89554402 191.02706917
night-rain/rear/1418840420518226.jpg 0.65186981 -0.54264514 -0.32473489 -0.41850836 41.54517217 -39.42416906 192.04046504
night-rain/rear/1418840420643211.jpg 0.65205291 -0.54302486 -0.32483303 -0.41765356 41.79346974 -39.41265298 193.02877408
night-rain/rear/1418840420768196.jpg 0.65231281 -0.54313212 -0.32594018 -0.41624332 41.97260927 -39.18006840 194.24914193
night-rain/rear/1418840420893180.jpg 0.65342176 -0.54243202 -0.32549578 -0.41576436 42.25558185 -39.75651182 195.16624939
night-rain/rear/1418840421018164.jpg 0.65455978 -0.54177809 -0.32554416 -0.41478790 42.65854875 -39.99791468 196.02730624
night-rain/rear/1418840421143149.jpg 0.65374766 -0.54379362 -0.32630584 -0.41282805 43.14668162 -39.02292743 197.26085905
snow/rear/1422953239100127.jpg 0.65060280 -0.55492432 -0.31367260 -0.41277657 46.21222473 -37.29131171 189.06642956
snow/rear/1422953239282006.jpg 0.65099558 -0.55426731 -0.31473759 -0.41222900 45.98490018 -37.43532636 189.95739105
snow/rear/1422953239463757.jpg 0.65068906 -0.55447926 -0.31505039 -0.41218897 45.89423571 -37.43852400 190.95121671
snow/rear/1422953239645635.jpg 0.65141461 -0.55385648 -0.31493650 -0.41196723 45.97113892 -37.88195715 191.86301922
snow/rear/1422953239827387.jpg 0.65338082 -0.55148119 -0.31692270 -0.41051431 45.91592301 -38.24643819 192.72976857
snow/rear/1422953240009265.jpg 0.65311791 -0.55199955 -0.31593116 -0.41100000 45.99536132 -38.59008216 193.73181895
snow/rear/1422953240191142.jpg 0.65251437 -0.55260565 -0.31469509 -0.41209101 46.03653442 -38.80055672 194.71192572
snow/rear/1422953240463773.jpg 0.65236780 -0.55393569 -0.31954460 -0.40677113 46.55332685 -36.70584194 196.28634507
snow/rear/1422953240645649.jpg 0.65183970 -0.55455252 -0.31749252 -0.40838095 46.54118817 -37.37967685 197.11618013
snow/rear/1422953240827401.jpg 0.65260746 -0.55468730 -0.31633843 -0.40786701 47.03968737 -37.82889257 197.92932612
sun/rear/1425997185269644.jpg 0.64891852 -0.54600984 -0.33035700 -0.41429730 42.07752202 -35.74177610 190.32064586
sun/rear/1425997185451395.jpg 0.65112691 -0.54406548 -0.32766942 -0.41552286 42.36855843 -37.64651598 191.50601087
sun/rear/1425997185542396.jpg 0.65106336 -0.54444972 -0.32656087 -0.41599159 42.49214467 -38.02683824 192.22230910
sun/rear/1425997185633272.jpg 0.65105875 -0.54486925 -0.32676368 -0.41528966 42.64878450 -37.94869547 193.11737015
sun/rear/1425997185724148.jpg 0.65037758 -0.54606410 -0.32652412 -0.41497590 42.82961291 -37.68137198 193.86104169
sun/rear/1425997185815025.jpg 0.64985748 -0.54690881 -0.32607016 -0.41503524 42.91687486 -37.68532994 194.81445269
sun/rear/1425997185996902.jpg 0.65132173 -0.54558638 -0.32553878 -0.41489758 43.14181024 -38.53126862 196.20153863
sun/rear/1425997186087777.jpg 0.65042601 -0.54689899 -0.32526374 -0.41479031 43.24787192 -38.29042924 197.17690720
sun/rear/1425997186178778.jpg 0.64952078 -0.54808325 -0.32523415 -0.41466884 43.26502093 -37.93189995 198.04528254
overcast-summer/rear/1432293512726213.jpg 0.64280012 -0.54052151 -0.33540423 -0.42678859 35.98768578 -37.02102101 191.03767079
overcast-summer/rear/1432293512908089.jpg 0.64347999 -0.53760627 -0.33555774 -0.42931806 34.97961089 -38.48323615 192.33069561
overcast-summer/rear/1432293512998965.jpg 0.64352253 -0.53661881 -0.33552608 -0.43051278 34.54392551 -39.05440627 192.97926932
overcast-summer/rear/1432293513089842.jpg 0.64300953 -0.53611869 -0.33608518 -0.43146524 34.00116431 -39.30569165 193.93103870
overcast-summer/rear/1432293513271719.jpg 0.64109340 -0.53642404 -0.33861003 -0.43196267 33.00971326 -38.62445027 195.83106316
overcast-summer/rear/1432293513362595.jpg 0.64018572 -0.53635786 -0.33924291 -0.43289346 32.46085104 -38.63458999 196.64249195
overcast-summer/rear/1432293513453469.jpg 0.64060772 -0.53468145 -0.34013637 -0.43364127 31.87792052 -39.21101663 197.45117047
overcast-summer/rear/1432293513635347.jpg 0.64016502 -0.53390285 -0.34119972 -0.43441829 31.30898400 -39.39200288 198.96857712
rain/rear/1416907532371205.jpg 0.75930099 -0.62303852 0.12711412 0.13830040 428.98990578 -55.87930019 246.48832026
rain/rear/1416907532462069.jpg 0.75932536 -0.62306340 0.12685425 0.13829317 428.89012757 -55.86697704 247.16811064
rain/rear/1416907532643917.jpg 0.75937968 -0.62310112 0.12663135 0.13802898 428.33782979 -56.68837826 249.12455542
rain/rear/1416907532825640.jpg 0.75965486 -0.62285231 0.12623985 0.13799638 428.16965089 -56.98053661 250.43185139
rain/rear/1416907533007488.jpg 0.75972363 -0.62280575 0.12657606 0.13751909 428.05346808 -57.68686727 251.55411204
rain/rear/1416907533098349.jpg 0.75930478 -0.62331272 0.12631013 0.13777972 428.08771205 -57.09366629 252.34598050
rain/rear/1416907533280197.jpg 0.75934561 -0.62324814 0.12553585 0.13855234 428.13600083 -56.57904278 253.64162830
rain/rear/1416907533461922.jpg 0.76003618 -0.62234998 0.12588685 0.13848466 428.20398999 -57.75679735 254.48974178
night/rear/1418235470596029.jpg 0.75886593 -0.62064442 0.13495184 0.14391317 433.70620805 -56.81651181 235.70190776
night/rear/1418235470777754.jpg 0.75803315 -0.62243855 0.13331260 0.14206953 432.46555343 -56.24005825 239.73919143
night/rear/1418235470868740.jpg 0.75810999 -0.62269475 0.13214670 0.14162539 431.93279330 -55.99312348 241.53348083
night/rear/1418235470959602.jpg 0.75827782 -0.62294201 0.13117450 0.14053914 431.17840620 -56.32312237 243.79272420
night/rear/1418235471050464.jpg 0.75861782 -0.62285231 0.13012878 0.14007320 430.72556748 -56.63129508 245.49562044
night/rear/1418235471141326.jpg 0.75881075 -0.62285733 0.12925266 0.13981684 430.31865158 -56.60396867 246.91502578
night/rear/1418235471323174.jpg 0.75879065 -0.62337449 0.12820589 0.13857940 429.54651957 -56.90470228 249.83622639
night/rear/1418235471414037.jpg 0.75852274 -0.62402504 0.12695373 0.13827057 429.01795812 -56.23542895 251.86287043
night/rear/1418235471504896.jpg 0.75850494 -0.62426697 0.12596130 0.13818375 428.65154832 -55.85427498 253.40263436
dawn/rear/1418721760289531.jpg 0.75696169 -0.62351303 0.13189200 0.14437798 433.21552436 -53.21529690 239.78917028
dawn/rear/1418721760380393.jpg 0.75691578 -0.62368141 0.13116021 0.14455795 433.07096618 -52.79919933 240.95210104
dawn/rear/1418721760562239.jpg 0.75723048 -0.62368181 0.12975939 0.14417177 432.46024099 -52.78885569 243.46743558
dawn/rear/1418721760653104.jpg 0.75731021 -0.62369844 0.12894282 0.14441347 432.38332857 -52.55845524 244.33427885
dawn/rear/1418721760834827.jpg 0.75765477 -0.62340897 0.12794823 0.14474028 432.13463902 -52.44963532 246.03406217
dawn/rear/1418721760925813.jpg 0.75737920 -0.62382870 0.12782312 0.14448443 431.98679648 -52.34970054 246.99612439
dawn/rear/1418721761107538.jpg 0.75704293 -0.62436127 0.12680103 0.14484647 431.80222035 -51.51122835 248.88360972
dawn/rear/1418721761198400.jpg 0.75697853 -0.62449380 0.12656026 0.14482230 431.71345260 -51.48034244 249.89265234
dawn/rear/1418721761380249.jpg 0.75707562 -0.62442854 0.12640411 0.14473251 431.62112247 -51.79729969 251.37583505
dawn/rear/1418721761471110.jpg 0.75680760 -0.62482618 0.12656915 0.14427318 431.48708177 -51.93120693 252.11839467
night-rain/rear/1418840624867918.jpg 0.75951498 -0.62256646 0.12865069 0.13782960 429.20012725 -57.02476063 245.00471424
night-rain/rear/1418840624992902.jpg 0.75961981 -0.62259638 0.12780160 0.13790667 428.95179224 -56.79978455 246.51088195
night-rain/rear/1418840625117886.jpg 0.75952765 -0.62279471 0.12824488 0.13710489 428.74662266 -57.52568681 247.62803810
night-rain/rear/1418840625242871.jpg 0.75984620 -0.62244940 0.12772138 0.13739632 428.83517679 -57.80454838 248.57504995
night-rain/rear/1418840625367856.jpg 0.75987285 -0.62248273 0.12766852 0.13714682 428.68198895 -58.10101709 249.58892687
night-rain/rear/1418840625492840.jpg 0.75972775 -0.62275657 0.12755097 0.13681648 428.49444613 -58.20396766 250.77154739
night-rain/rear/1418840625617825.jpg 0.75921374 -0.62349058 0.12722028 0.13663455 428.28586683 -57.75455615 252.06196890
night-rain/rear/1418840625742809.jpg 0.75916270 -0.62362970 0.12633289 0.13710580 428.19129318 -57.13674925 253.28652030
night-rain/rear/1418840625867793.jpg 0.75954592 -0.62322989 0.12588685 0.13721152 428.06670925 -57.42444692 254.39640146
night-rain/rear/1418840625992778.jpg 0.75970159 -0.62310232 0.12578752 0.13702007 427.94077789 -57.82077185 255.59178100
snow/rear/1422953516831290.jpg 0.75570844 -0.62713256 0.12717999 0.13940857 430.33610988 -51.66500002 246.16368345
snow/rear/1422953516922291.jpg 0.75565319 -0.62713495 0.12665011 0.14017757 430.48965669 -51.02133666 246.60730713
snow/rear/1422953517104044.jpg 0.75545003 -0.62730595 0.12566523 0.14138865 430.61143243 -49.97221173 247.78475906
snow/rear/1422953517285922.jpg 0.75537540 -0.62720850 0.12486393 0.14292131 431.03532461 -49.08160026 248.44156883
snow/rear/1422953517376798.jpg 0.75527925 -0.62721348 0.12464650 0.14359579 431.22856516 -48.63967770 248.77310467
snow/rear/1422953517558674.jpg 0.75486158 -0.62757191 0.12446485 0.14438144 431.46597504 -47.93824557 249.57274266
snow/rear/1422953517740428.jpg 0.75427117 -0.62804777 0.12405442 0.14574464 431.87543396 -46.65925570 250.31137248
snow/rear/1422953517922307.jpg 0.75381662 -0.62843854 0.12402218 0.14643770 432.12685307 -46.07743476 251.22248295
dusk/rear/1424450481825008.jpg 0.75622384 -0.62499760 0.13391975 0.13988924 431.93370080 -56.15690820 243.37603132
dusk/rear/1424450482006884.jpg 0.75648711 -0.62497380 0.13234708 0.14006873 431.57159010 -55.88835954 245.71988289
dusk/rear/1424450482097761.jpg 0.75658344 -0.62503400 0.13181995 0.13977661 431.27515106 -55.94790788 246.89019887
dusk/rear/1424450482188762.jpg 0.75623789 -0.62566624 0.13117450 0.13942471 430.98459559 -55.61143905 248.52460766
dusk/rear/1424450482279637.jpg 0.75599967 -0.62611181 0.13049713 0.13935207 430.71915567 -55.16242489 249.79491699
dusk/rear/1424450482370511.jpg 0.75606911 -0.62615014 0.12994037 0.13932336 430.51606467 -55.12181823 251.17002846
sun/rear/1425997445908933.jpg 0.75681586 -0.62532891 0.12887688 0.13994374 430.79669548 -53.21542436 242.67469690
sun/rear/1425997445999808.jpg 0.75657353 -0.62576793 0.12852237 0.13961733 430.55304659 -53.05741405 243.86563046
sun/rear/1425997446181686.jpg 0.75595503 -0.62654888 0.12765970 0.14025512 430.54529665 -51.82357938 245.62619138
sun/rear/1425997446272560.jpg 0.75607853 -0.62647247 0.12682567 0.14068671 430.43001286 -51.42938766 246.68573450
sun/rear/1425997446363439.jpg 0.75598099 -0.62667755 0.12630618 0.14076487 430.29415251 -51.13358846 247.72957484
sun/rear/1425997446545316.jpg 0.75599603 -0.62672043 0.12466756 0.14194893 430.30252807 -50.09562618 249.44001559
sun/rear/1425997446636191.jpg 0.75600661 -0.62665262 0.12413299 0.14265868 430.40414986 -49.60430897 250.11350282
sun/rear/1425997446727067.jpg 0.75576617 -0.62690350 0.12395765 0.14298252 430.46929255 -49.24487230 250.82555793
sun/rear/1425997446908945.jpg 0.75515644 -0.62752351 0.12335822 0.14399913 430.68833090 -48.08048470 252.31987073
overcast-summer/rear/1432293723546724.jpg 0.75799241 -0.62226240 0.13583078 0.14066627 432.46898429 -57.94630710 237.09313650
overcast-summer/rear/1432293723637600.jpg 0.75753729 -0.62295726 0.13526548 0.14058716 432.27281437 -57.34397659 238.37551367
overcast-summer/rear/1432293723819353.jpg 0.75639887 -0.62432904 0.13559406 0.14031482 432.28436846 -56.78089141 240.03761425
overcast-summer/rear/1432293723910353.jpg 0.75641259 -0.62434446 0.13536802 0.14039053 432.22215544 -56.80040600 240.98301108
overcast-summer/rear/1432293724001229.jpg 0.75635425 -0.62444676 0.13588874 0.13974530 432.12142488 -57.49479453 241.79675933
overcast-summer/rear/1432293724092104.jpg 0.75651206 -0.62423713 0.13615065 0.13957256 432.14892627 -58.32603590 242.43538941
overcast-summer/rear/1432293724273982.jpg 0.75661566 -0.62420449 0.13683658 0.13848195 431.89334693 -59.61449343 244.02366670
overcast-summer/rear/1432293724364859.jpg 0.75615094 -0.62491539 0.13669034 0.13795742 431.61971154 -59.48220850 245.39237187
overcast-summer/rear/1432293724455735.jpg 0.75595866 -0.62525515 0.13626445 0.13789307 431.47547449 -59.18904776 246.48990268
overcast-summer/rear/1432293724546735.jpg 0.75590228 -0.62549041 0.13534124 0.13804438 431.24553839 -58.70538805 247.99278080
overcast-winter/rear/1447410917348855.jpg 0.75736319 -0.62628588 0.12675962 0.13453252 427.71191767 -55.46494104 249.38127254
overcast-winter/rear/1447410917530706.jpg 0.75724600 -0.62647386 0.12615070 0.13488884 427.64153020 -55.05688796 250.83861810
overcast-winter/rear/1447410917712434.jpg 0.75696846 -0.62685664 0.12490697 0.13582249 427.68833774 -53.99177678 252.21974523
overcast-winter/rear/1447410917803294.jpg 0.75702493 -0.62677169 0.12509297 0.13572859 427.69329947 -54.29702656 252.64681573
overcast-winter/rear/1447410917985145.jpg 0.75686310 -0.62708592 0.12423667 0.13596599 427.49535357 -53.73081016 254.27716788
overcast-winter/rear/1447410918166871.jpg 0.75655337 -0.62754761 0.12322946 0.13647527 427.22194272 -52.85106676 256.07439414
overcast-winter/rear/1447410918257860.jpg 0.75623227 -0.62798945 0.12297459 0.13645237 427.12722396 -52.48939482 256.92775899
overcast-winter/rear/1447410918439585.jpg 0.75630830 -0.62795123 0.12273447 0.13642306 427.02268908 -52.64916722 258.27358866
overcast-winter/rear/1447410918530572.jpg 0.75599868 -0.62837847 0.12249286 0.13638915 426.90802534 -52.33022699 259.15041368
rain/rear/1416907548732437.jpg 0.75482067 -0.62474255 0.12429702 0.15650160 438.16912040 -60.08147447 337.40243241
rain/rear/1416907548823298.jpg 0.75586308 -0.62270017 0.12486192 0.15913830 439.91389676 -60.70953725 335.46483925
rain/rear/1416907549005148.jpg 0.75656031 -0.62028098 0.12918591 0.16179926 443.26028923 -63.14854768 331.68328586
rain/rear/1416907549186871.jpg 0.75558835 -0.61977274 0.13079660 0.16691390 446.63196432 -60.85099767 328.59704886
rain/rear/1416907549368719.jpg 0.75205419 -0.62290810 0.13510922 0.16776621 448.88609935 -58.57474226 326.99317740
rain/rear/1416907549550568.jpg 0.75088514 -0.62327923 0.13891004 0.16851854 450.90512971 -59.16052675 325.15315598
rain/rear/1416907549732289.jpg 0.75155788 -0.62136443 0.14060850 0.17116147 452.96213699 -60.06968912 323.12073515
rain/rear/1416907549914140.jpg 0.75169359 -0.62023000 0.14183353 0.17365123 454.73973488 -60.13949088 321.58885147
rain/rear/1416907550095863.jpg 0.75182162 -0.61925621 0.14503189 0.17393030 456.24482839 -62.27340731 320.09450712
rain/rear/1416907550277712.jpg 0.75164586 -0.61836518 0.14846212 0.17496285 458.20125835 -63.87880237 318.06439336
night/rear/1418235481867144.jpg 0.75242774 -0.62374915 0.13134687 0.16594427 446.66425316 -57.17906094 327.36389936
night/rear/1418235481958006.jpg 0.75324481 -0.62166731 0.13339696 0.16839611 448.81717613 -58.56404867 324.98970818
night/rear/1418235482048868.jpg 0.75418599 -0.61969226 0.13543449 0.16983080 450.47189227 -60.48238749 323.08746145
night/rear/1418235482230717.jpg 0.75149784 -0.62099919 0.13932695 0.17377859 454.05912079 -57.87571039 320.20857227
night/rear/1418235482321578.jpg 0.74972662 -0.62227044 0.14161568 0.17502714 455.65154658 -56.55303784 318.84991188
night/rear/1418235482412440.jpg 0.74839161 -0.62288241 0.14411974 0.17651346 457.46889575 -55.83780225 317.15063150
night/rear/1418235482503302.jpg 0.74802540 -0.62239778 0.14538397 0.17872465 459.07973307 -55.23762142 315.52916423
night/rear/1418235482685151.jpg 0.74905140 -0.61887882 0.14985326 0.18290708 463.03925648 -57.82401272 310.85682565
night/rear/1418235482776012.jpg 0.74878602 -0.61818282 0.15215781 0.18443834 464.75639902 -58.38638176 308.96409088
night/rear/1418235482867000.jpg 0.74857498 -0.61746862 0.15484670 0.18544676 466.36125777 -59.48105109 307.12511803
dawn/rear/1418721773014940.jpg 0.75583546 -0.62137971 0.12788569 0.16200386 443.03051797 -61.40462079 332.61634937
dawn/rear/1418721773105803.jpg 0.75626814 -0.61982054 0.13070386 0.16369942 445.15860777 -63.03964187 330.26262137
dawn/rear/1418721773196665.jpg 0.75491374 -0.62102073 0.13163871 0.16465039 446.01160806 -61.51663560 329.96240830
dawn/rear/1418721773378514.jpg 0.75134662 -0.62346431 0.13613504 0.16804092 449.75432482 -58.35999464 327.14789782
dawn/rear/1418721773469375.jpg 0.75070417 -0.62363150 0.13773435 0.16898595 450.92612257 -58.19829522 326.20363361
dawn/rear/1418721773560363.jpg 0.75108921 -0.62230780 0.13908630 0.17103508 452.54119668 -58.71045918 324.61707728
dawn/rear/1418721773742087.jpg 0.75196742 -0.61971042 0.14219177 0.17402730 455.41683602 -60.75563757 321.77457264
dawn/rear/1418721773832948.jpg 0.75181746 -0.61931656 0.14324804 0.17520702 456.49055111 -60.94040138 320.73217466
dawn/rear/1418721773923935.jpg 0.75161925 -0.61848686 0.14594177 0.17675831 458.43294518 -61.81593218 318.71893878
dawn/rear/1418721774105659.jpg 0.75068719 -0.61758056 0.15042357 0.18009928 462.04514783 -62.14409335 314.76120438
night-rain/rear/1418840636741449.jpg 0.75418101 -0.62239336 0.12930777 0.16467240 444.69148979 -58.86806094 329.77533986
night-rain/rear/1418840636866433.jpg 0.75511622 -0.61994032 0.13290786 0.16676031 447.37862057 -61.46399002 326.71231541
night-rain/rear/1418840636991417.jpg 0.75413477 -0.61983445 0.13595679 0.16912052 449.85124040 -61.17976562 324.42599476
night-rain/rear/1418840637116402.jpg 0.75120037 -0.62194373 0.13916896 0.17180221 452.60183891 -58.33841957 322.24556070
night-rain/rear/1418840637241387.jpg 0.74893441 -0.62348196 0.14239996 0.17346397 454.81939144 -56.77199262 320.37746328
night-rain/rear/1418840637366371.jpg 0.74901368 -0.62193649 0.14539601 0.17616328 457.42149747 -57.64553758 317.42706965
night-rain/rear/1418840637491355.jpg 0.74994333 -0.61907714 0.14866741 0.17951741 460.48249697 -59.66433196 313.88268346
night-rain/rear/1418840637616340.jpg 0.74964775 -0.61824489 0.15230808 0.18056509 462.51220863 -61.23303661 311.52224227
night-rain/rear/1418840637741323.jpg 0.74954419 -0.61717015 0.15574498 0.18173607 464.51595260 -62.89607950 309.26396560
snow/rear/1422953532104258.jpg 0.75515065 -0.62530553 0.12411487 0.15276125 436.79774463 -62.28816245 341.00059946
snow/rear/1422953532195259.jpg 0.75522662 -0.62422011 0.12467658 0.15632578 438.96018595 -61.36122160 339.13063713
snow/rear/1422953532377012.jpg 0.75254369 -0.62619246 0.12852626 0.15824664 441.64057982 -59.46343655 337.19595261
snow/rear/1422953532558888.jpg 0.75051732 -0.62658978 0.13407367 0.16165782 445.93782868 -58.82927632 333.00045208
snow/rear/1422953532649764.jpg 0.75009849 -0.62624736 0.13536340 0.16383910 447.64632086 -58.23777493 331.38544775
snow/rear/1422953532740642.jpg 0.75045853 -0.62469953 0.13763539 0.16618965 449.84574971 -59.11185182 328.90600028
snow/rear/1422953532922519.jpg 0.75051882 -0.62268933 0.14192251 0.16981608 453.58574393 -60.48499291 324.90827584
snow/rear/1422953533013395.jpg 0.74974712 -0.62263252 0.14423332 0.17147813 455.45068638 -60.27927127 323.00834927
snow/rear/1422953533195274.jpg 0.74860938 -0.62187378 0.14753474 0.17632498 459.33616969 -59.07686837 319.11719893
dusk/rear/1424450492461470.jpg 0.75534876 -0.62260642 0.13079851 0.15716631 441.14034255 -64.66178842 334.52521281
dusk/rear/1424450492552472.jpg 0.75428658 -0.62328625 0.13292949 0.15778387 442.35327625 -64.36411108 333.60842973
dusk/rear/1424450492734222.jpg 0.75003900 -0.62622001 0.13798007 0.16202315 446.82910127 -60.29009583 330.07694318
dusk/rear/1424450492825099.jpg 0.74834000 -0.62699821 0.14085720 0.16437685 449.30280595 -58.97562193 327.83951528
dusk/rear/1424450492916098.jpg 0.74862491 -0.62549281 0.14278568 0.16712795 451.53407718 -59.39608933 325.33996908
dusk/rear/1424450493006975.jpg 0.74932753 -0.62316832 0.14585009 0.16999191 454.32609669 -61.13750618 322.12420744
dusk/rear/1424450493097851.jpg 0.74934421 -0.62214890 0.14845454 0.17139209 456.15746599 -62.26234759 319.97474405
dusk/rear/1424450493188853.jpg 0.74884378 -0.62121333 0.15302451 0.17294652 458.82512017 -63.89301250 316.91208932
sun/rear/1425997457181811.jpg 0.75257873 -0.63007004 0.12323656 0.14645733 432.56342807 -60.59643947 343.78932211
sun/rear/1425997457272686.jpg 0.75265596 -0.62909737 0.12482788 0.14887411 434.58993436 -60.77481666 342.20906290
sun/rear/1425997457454438.jpg 0.75543812 -0.62397496 0.12665406 0.15468436 438.65129806 -63.28977610 338.21305818
sun/rear/1425997457545439.jpg 0.75584506 -0.62264978 0.12843189 0.15655909 440.43823739 -64.19741637 336.42553746
sun/rear/1425997457636315.jpg 0.75397712 -0.62428920 0.12969002 0.15799367 441.70490184 -62.02175444 335.98744079
sun/rear/1425997457727192.jpg 0.75145376 -0.62620184 0.13262635 0.15999609 444.07118624 -59.75984391 334.30302195
sun/rear/1425997457818067.jpg 0.75031643 -0.62678206 0.13470616 0.16131878 445.70095818 -59.04372695 332.92779486
sun/rear/1425997457909069.jpg 0.74975913 -0.62615913 0.13692242 0.16443312 448.28166828 -58.39762307 330.40801068
sun/rear/1425997458090820.jpg 0.75085917 -0.62229896 0.14193484 0.16973214 453.22015413 -60.92283365 324.89769211
sun/rear/1425997458181820.jpg 0.75070683 -0.62157200 0.14373500 0.17154518 454.96169845 -61.11447938 323.17281544
overcast-summer/rear/1432293735001347.jpg 0.74932987 -0.62778758 0.13474513 0.16196064 445.40929528 -56.65472598 327.60768521
overcast-summer/rear/1432293735092229.jpg 0.75036258 -0.62505280 0.13614514 0.16652177 448.45577264 -57.02885458 324.27078628
overcast-summer/rear/1432293735183227.jpg 0.75100549 -0.62330109 0.13829949 0.16840353 450.31027636 -58.43587135 322.12917428
overcast-summer/rear/1432293735274106.jpg 0.75241528 -0.62037589 0.14165010 0.17011834 452.64310574 -61.67218816 319.22672905
overcast-summer/rear/1432293735364981.jpg 0.75179868 -0.62030214 0.14423505 0.17093932 454.09393207 -62.23187100 317.87523227
overcast-summer/rear/1432293735546858.jpg 0.74725079 -0.62393209 0.14858583 0.17391737 457.45920993 -58.04843161 315.57742959
overcast-summer/rear/1432293735637735.jpg 0.74560697 -0.62513619 0.15065275 0.17486781 458.79428499 -56.94118361 314.57294452
overcast-summer/rear/1432293735728611.jpg 0.74585186 -0.62382650 0.15253852 0.17685446 460.53891926 -57.66392215 312.73993635
overcast-summer/rear/1432293735819487.jpg 0.74669438 -0.62203215 0.15410548 0.17825543 461.88821156 -59.27549466 311.30496797
overcast-summer/rear/1432293735910488.jpg 0.74711027 -0.62082868 0.15635457 0.17874913 463.05438873 -61.14632120 310.06770385
overcast-winter/rear/1447410933437558.jpg 0.75481869 -0.62462449 0.12829361 0.15373272 438.41066214 -63.82189290 337.56854361
overcast-winter/rear/1447410933528543.jpg 0.75527346 -0.62291292 0.13067900 0.15641132 440.93570033 -64.76305555 334.79276834
overcast-winter/rear/1447410933710268.jpg 0.75158067 -0.62539547 0.13374042 0.16161838 444.99879480 -59.71970134 331.38654231
overcast-winter/rear/1447410933892118.jpg 0.74801420 -0.62695873 0.13975783 0.16692888 450.40084555 -56.62336198 325.82504000
overcast-winter/rear/1447410934073844.jpg 0.74676335 -0.62536389 0.14686388 0.17232382 456.22691892 -57.18676052 318.57873982
overcast-winter/rear/1447410934164708.jpg 0.74683265 -0.62355192 0.14981655 0.17600852 459.26678724 -57.57871911 314.63487469
overcast-winter/rear/1447410934346559.jpg 0.74624761 -0.62139842 0.15564222 0.18098066 464.16671518 -58.54232354 308.41348903
overcast-winter/rear/1447410934528409.jpg 0.74494614 -0.62056043 0.16227985 0.18337189 468.03404866 -60.19294861 303.22459657
overcast-winter/rear/1447410934710134.jpg 0.74463515 -0.61846584 0.16627237 0.18807445 471.91358414 -60.56049254 298.29829740
rain/rear/1416907568638650.jpg 0.74704484 -0.60817349 0.18268826 0.19665706 481.80480204 -88.44723019 369.90833939
rain/rear/1416907568820372.jpg 0.74666693 -0.60916500 0.18175395 0.19588772 480.88859092 -87.65544154 372.15280784
rain/rear/1416907569002222.jpg 0.74461064 -0.61224668 0.18050208 0.19526392 479.88643255 -84.03557385 375.06510930
rain/rear/1416907569274932.jpg 0.74469474 -0.61327420 0.17783208 0.19416552 477.86104339 -83.01624716 379.08183562
rain/rear/1416907569456654.jpg 0.74442511 -0.61403359 0.17523770 0.19515571 477.18196324 -80.71454786 381.21141816
rain/rear/1416907569729364.jpg 0.74481155 -0.61388496 0.17376924 0.19546163 476.66167299 -80.54425389 382.96557164
rain/rear/1416907570002075.jpg 0.74553504 -0.61358455 0.17332628 0.19403479 475.49564996 -82.07972065 385.18900943
rain/rear/1416907570274785.jpg 0.74630389 -0.61272873 0.17114906 0.19570897 475.43010233 -81.49035006 386.35932263
rain/rear/1416907570547496.jpg 0.74615648 -0.61303140 0.17180512 0.19474599 475.13336960 -82.18567969 387.44287211
rain/rear/1416907570820077.jpg 0.74626286 -0.61312376 0.17155684 0.19426593 474.64620171 -82.55001175 388.79169843
night/rear/1418235494683409.jpg 0.74372693 -0.60892795 0.18830627 0.20153846 487.56464805 -85.35703181 363.04533485
night/rear/1418235494865258.jpg 0.74200168 -0.61114769 0.18844628 0.20104726 487.31607316 -83.17928261 364.83526426
night/rear/1418235495046982.jpg 0.74099764 -0.61247980 0.18731925 0.20174861 487.23337627 -80.81440538 366.44960659
night/rear/1418235495228830.jpg 0.74087043 -0.61279850 0.18653418 0.20197525 486.98433875 -80.19977636 367.88574174
night/rear/1418235495410554.jpg 0.73985184 -0.61424486 0.18400068 0.20363263 486.78312277 -76.48012447 369.92343799
night/rear/1418235495683264.jpg 0.74058794 -0.61345619 0.18374847 0.20356203 486.57855877 -77.70443732 371.22310945
night/rear/1418235495865113.jpg 0.74040192 -0.61368029 0.18442478 0.20295073 486.53262336 -78.20264928 371.93563986
night/rear/1418235496137699.jpg 0.74114708 -0.61302284 0.18274162 0.20373880 486.23773334 -78.23560639 373.52685508
night/rear/1418235496410409.jpg 0.74140323 -0.61282440 0.18335144 0.20285401 485.97139680 -79.52721936 374.65046127
night/rear/1418235496683119.jpg 0.74263500 -0.61193811 0.18327097 0.20108891 484.78988846 -82.05807019 376.41550223
dawn/rear/1418721786467497.jpg 0.74146173 -0.61003279 0.19220172 0.20286202 489.83355969 -84.60463067 361.27946664
dawn/rear/1418721786649344.jpg 0.74086217 -0.61096870 0.19160441 0.20280101 489.54644646 -83.43765870 362.74269047
dawn/rear/1418721786831069.jpg 0.74115653 -0.61067258 0.19128382 0.20291993 489.51762723 -83.56503778 363.63699994
dawn/rear/1418721787103779.jpg 0.74105600 -0.61115628 0.18917320 0.20380751 489.04508693 -81.81930964 365.76632212
dawn/rear/1418721787376490.jpg 0.74181922 -0.61072232 0.18831025 0.20312988 488.19119020 -82.83392969 367.75323773
dawn/rear/1418721787649201.jpg 0.74262339 -0.61070901 0.18701738 0.20141872 486.49151271 -83.96097285 370.74221012
dawn/rear/1418721787921910.jpg 0.74392557 -0.61077799 0.18414736 0.19903454 483.55743754 -85.15051121 375.24778312
dawn/rear/1418721788194497.jpg 0.74498574 -0.61150368 0.18037808 0.19627341 479.93565124 -85.40430338 380.69335809
dawn/rear/1418721788558193.jpg 0.74775113 -0.61167128 0.17673780 0.18838856 472.97387158 -90.15639275 389.27198207
dawn/rear/1418721788830781.jpg 0.74890170 -0.61294882 0.17119360 0.18475051 467.71691372 -89.55851373 396.49640797
night-rain/rear/1418840648739964.jpg 0.74447498 -0.60980243 0.18635048 0.19791791 484.23199086 -86.73785903 367.35783906
night-rain/rear/1418840648864949.jpg 0.74301733 -0.61186988 0.18629077 0.19706915 483.66554089 -84.89177642 369.21087833
night-rain/rear/1418840648989932.jpg 0.74231799 -0.61298695 0.18481342 0.19762338 483.31579601 -82.77824976 370.96543948
night-rain/rear/1418840649239902.jpg 0.74246313 -0.61333392 0.18336303 0.19735248 482.47934636 -82.38425894 373.64455321
night-rain/rear/1418840649364886.jpg 0.74213695 -0.61411013 0.18137599 0.19800063 481.90287292 -80.38512374 375.41062048
night-rain/rear/1418840649489871.jpg 0.74248148 -0.61406942 0.18011455 0.19798674 481.23694519 -80.23856096 377.01238383
night-rain/rear/1418840649739838.jpg 0.74490285 -0.61303813 0.17818039 0.19379306 477.56938411 -84.35052796 381.95554572
night-rain/rear/1418840649989809.jpg 0.74924896 -0.61213887 0.17048314 0.18667485 468.96200184 -88.88225144 392.70802266
night-rain/rear/1418840650114793.jpg 0.75084519 -0.61327808 0.16572266 0.18071386 462.52437360 -90.54014882 400.45105151
night-rain/rear/1418840650364763.jpg 0.75664275 -0.61499654 0.15323430 0.16059343 442.01180478 -98.93059978 422.29579200
night-rain/rear/1418840650489748.jpg 0.76117459 -0.61577573 0.14274190 0.14511461 425.02268546 -105.45653141 438.48663826
snow/rear/1422953546286332.jpg 0.74084698 -0.61144358 0.19175570 0.20127655 489.61086791 -83.58799974 362.05624849
snow/rear/1422953546468089.jpg 0.73883286 -0.61412132 0.19180850 0.20047568 489.15031243 -81.01063962 364.15308543
snow/rear/1422953546649966.jpg 0.73841943 -0.61503557 0.19031487 0.20061967 488.53379809 -79.46346739 366.22243912
snow/rear/1422953546831718.jpg 0.73804522 -0.61603997 0.18782771 0.20125792 487.71444251 -77.16993924 368.79893302
snow/rear/1422953547013595.jpg 0.73839217 -0.61608198 0.18651944 0.20107337 486.93460133 -76.96110717 370.65828868
snow/rear/1422953547286350.jpg 0.73933281 -0.61562407 0.18549663 0.19996250 485.70792617 -78.38204423 373.19115672
snow/rear/1422953547468103.jpg 0.74029437 -0.61488068 0.18332008 0.20069816 485.06020036 -78.28310440 374.80120465
snow/rear/1422953547740857.jpg 0.74119633 -0.61474670 0.18268826 0.19834188 483.22995637 -80.29261949 377.88584729
snow/rear/1422953548013611.jpg 0.74233635 -0.61530419 0.18034758 0.19445372 479.55803730 -82.03585479 383.27140044
snow/rear/1422953548286364.jpg 0.74525583 -0.61499248 0.17686789 0.18733860 473.11079721 -86.74308658 390.98435794
dusk/rear/1424450504279820.jpg 0.74186286 -0.61434437 0.18846883 0.19157244 481.31388240 -86.42297055 372.04105892
dusk/rear/1424450504461570.jpg 0.74115484 -0.61559159 0.18696657 0.19178113 480.74372882 -84.41720384 374.22033775
dusk/rear/1424450504643447.jpg 0.74192436 -0.61503801 0.18581779 0.19169833 480.08710686 -85.03003439 375.89038201
dusk/rear/1424450504825199.jpg 0.74244613 -0.61537164 0.18231360 0.19197200 478.50371481 -83.50448491 379.11471259
dusk/rear/1424450505007075.jpg 0.74469188 -0.61402036 0.18019850 0.18958244 475.85636205 -86.57706028 382.71844489
dusk/rear/1424450505188951.jpg 0.74644039 -0.61463912 0.17694137 0.18367703 470.36525626 -89.33656534 389.69371930
dusk/rear/1424450505370703.jpg 0.74916337 -0.61528063 0.16990218 0.17696680 462.26963011 -91.55092839 399.66890732
dusk/rear/1424450505552579.jpg 0.75212216 -0.61711445 0.16083143 0.16617837 450.13169935 -94.37161720 413.57217376
dusk/rear/1424450505825207.jpg 0.75960335 -0.61892588 0.14336928 0.13920758 421.18620788 -105.23229988 441.81590056
dusk/rear/1424450506007083.jpg 0.76451635 -0.62106300 0.12546613 0.11854851 395.21709561 -110.32006557 464.85693089
sun/rear/1425997468545563.jpg 0.74205576 -0.61166269 0.19003355 0.19776059 486.22673893 -85.27609771 365.19445172
sun/rear/1425997468636439.jpg 0.74190532 -0.61201552 0.18965759 0.19759428 485.93140284 -84.98010695 366.31703374
sun/rear/1425997468818192.jpg 0.74025519 -0.61503110 0.18852918 0.19548849 484.11393651 -82.60576487 370.38416932
sun/rear/1425997469000069.jpg 0.74102446 -0.61577289 0.18474915 0.19384079 481.21324261 -82.01626242 375.42957405
sun/rear/1425997469090944.jpg 0.74081138 -0.61741639 0.18090053 0.19305569 478.81205738 -79.52257539 379.63932919
sun/rear/1425997469272821.jpg 0.74336902 -0.61700932 0.17674417 0.18831755 473.62228743 -82.49908492 386.53191940
sun/rear/1425997469454573.jpg 0.74619887 -0.61703586 0.17221135 0.18110011 466.56148098 -86.60355742 395.15456867
sun/rear/1425997469636450.jpg 0.74875263 -0.61746133 0.16466177 0.17606107 459.22647759 -87.74792620 404.44943685
sun/rear/1425997469818203.jpg 0.75059027 -0.61911085 0.15904009 0.16739848 450.33063447 -90.27327057 414.81443154
overcast-summer/rear/1432293746546981.jpg 0.74414935 -0.61198958 0.18555794 0.19307706 480.96505448 -86.98687889 370.54094800
overcast-summer/rear/1432293746728733.jpg 0.74371433 -0.61216419 0.18606316 0.19371242 481.61860293 -86.63731347 371.01982645
overcast-summer/rear/1432293746910611.jpg 0.74152377 -0.61489755 0.18586420 0.19364400 481.49170722 -83.38830060 373.08992066
overcast-summer/rear/1432293747001486.jpg 0.74113916 -0.61538139 0.18549730 0.19393104 481.52049395 -82.52368651 373.77218274
overcast-summer/rear/1432293747183364.jpg 0.74057123 -0.61612965 0.18351362 0.19560483 481.59151371 -79.96555553 375.42262745
overcast-summer/rear/1432293747365114.jpg 0.73975705 -0.61730827 0.18104143 0.19726632 481.40173999 -76.65684871 377.54871955
overcast-summer/rear/1432293747455992.jpg 0.74072768 -0.61619396 0.18138771 0.19678923 481.25940336 -78.62155102 377.86841484
overcast-summer/rear/1432293747637868.jpg 0.74177355 -0.61528733 0.18168104 0.19541111 480.51030749 -81.06684736 379.31413738
overcast-summer/rear/1432293747819621.jpg 0.74267288 -0.61508861 0.17927353 0.19484353 478.92321087 -81.26558901 382.29219179
overcast-summer/rear/1432293748001498.jpg 0.74380004 -0.61570691 0.17777092 0.18990524 474.98607953 -83.87371485 387.59588924
overcast-winter/rear/1447410949889958.jpg 0.74402739 -0.61159934 0.18532472 0.19499808 482.51681815 -86.09055819 370.28708177
overcast-winter/rear/1447410950162545.jpg 0.74163451 -0.61440927 0.18537327 0.19523383 482.68713347 -82.59485317 371.99169946
overcast-winter/rear/1447410950344396.jpg 0.74118132 -0.61487702 0.18481274 0.19601212 482.93944639 -81.50670048 372.81156888
overcast-winter/rear/1447410950617107.jpg 0.74000507 -0.61612620 0.18233486 0.19883410 483.47342384 -77.30612717 374.19561349
overcast-winter/rear/1447410950798832.jpg 0.74064988 -0.61514368 0.18320003 0.19868002 483.76889578 -78.99289686 374.18946275
overcast-winter/rear/1447410951071547.jpg 0.74067469 -0.61458441 0.18315567 0.20035219 484.75145795 -78.66827402 374.27423741
overcast-winter/rear/1447410951253398.jpg 0.74142363 -0.61345782 0.18242122 0.20170027 485.25385434 -78.99042241 374.39962071
overcast-winter/rear/1447410951435124.jpg 0.74162221 -0.61310725 0.18317342 0.20135417 485.39199688 -80.07692020 374.78281077
overcast-winter/rear/1447410951707832.jpg 0.74101417 -0.61380331 0.18344618 0.20122376 485.43214623 -79.59136518 376.06740200
overcast-winter/rear/1447410951980550.jpg 0.74196159 -0.61328052 0.18362870 0.19914944 484.17521974 -81.99948549 378.15950099
rain/rear/1416907588181164.jpg 0.65500973 -0.51603948 -0.37238857 -0.40742146 -471.99120661 -128.49918754 500.12761040
rain/rear/1416907588272153.jpg 0.65808947 -0.51091560 -0.37159420 -0.40963551 -473.21671743 -136.00001587 497.89826001
rain/rear/1416907588453876.jpg 0.65685101 -0.50909552 -0.37307539 -0.41253273 -477.13134008 -136.37878242 495.55729793
rain/rear/1416907588544863.jpg 0.65479672 -0.51027468 -0.37513964 -0.41246970 -478.79697929 -133.64597866 495.38451821
rain/rear/1416907588635723.jpg 0.65417161 -0.51060210 -0.37637149 -0.41193385 -479.23626321 -133.08131872 495.86257981
rain/rear/1416907588817447.jpg 0.65342176 -0.50901670 -0.38012564 -0.41163880 -481.85207174 -134.66704196 494.44226863
rain/rear/1416907588908435.jpg 0.65341182 -0.50791879 -0.38058442 -0.41258575 -483.08616675 -135.70061350 493.62631854
rain/rear/1416907589090158.jpg 0.65132999 -0.50744630 -0.38168934 -0.41542839 -486.73898804 -133.89128119 492.15703948
rain/rear/1416907589181018.jpg 0.65092338 -0.50724772 -0.38187989 -0.41613249 -487.58933894 -133.68748205 492.04316246
night/rear/1418235515316791.jpg 0.67789546 -0.51456559 -0.36382929 -0.37856076 -434.56989968 -156.60963862 526.10783735
night/rear/1418235515498516.jpg 0.67706776 -0.52097289 -0.36291976 -0.37209643 -427.66377257 -150.72970783 534.79946712
night/rear/1418235515680362.jpg 0.67922897 -0.52289961 -0.35882099 -0.36942049 -421.64827256 -151.18491283 540.69186840
night/rear/1418235515771225.jpg 0.68013822 -0.52479472 -0.35663146 -0.36717366 -417.67061137 -150.50408950 544.83375710
night/rear/1418235515953074.jpg 0.68084396 -0.52917436 -0.35120507 -0.36480269 -410.99449532 -147.03318651 552.07231880
night/rear/1418235516043936.jpg 0.68116444 -0.53081353 -0.34899284 -0.36394505 -408.36378531 -145.80330691 554.94326629
night/rear/1418235516225784.jpg 0.68229374 -0.53292940 -0.34450073 -0.36301618 -403.67547526 -144.79605323 559.90094018
night/rear/1418235516316646.jpg 0.68266317 -0.53397378 -0.34259816 -0.36258723 -401.68999012 -144.21044234 562.21103854
dawn/rear/1418721811463884.jpg 0.66058156 -0.51336683 -0.36955243 -0.40437297 -466.49519936 -137.23965417 505.58387336
dawn/rear/1418721811554869.jpg 0.66032284 -0.51354333 -0.37029887 -0.40388829 -466.55242378 -137.08043529 506.11876169
dawn/rear/1418721811736591.jpg 0.65906733 -0.51383193 -0.37171125 -0.40427435 -468.10914334 -135.90373344 506.32490495
dawn/rear/1418721811827454.jpg 0.65850057 -0.51375481 -0.37375259 -0.40341294 -468.86169968 -136.13177359 506.48448136
dawn/rear/1418721811918441.jpg 0.65872756 -0.51295858 -0.37414636 -0.40369048 -469.38983659 -137.23172980 506.37044635
dawn/rear/1418721812100165.jpg 0.65745703 -0.51391609 -0.37366931 -0.40498364 -470.39682952 -134.96728485 507.50929196
dawn/rear/1418721812282014.jpg 0.65632671 -0.51401338 -0.37376630 -0.40660085 -472.11840597 -133.70077960 507.54558195
night-rain/rear/1418840663738108.jpg 0.65556274 -0.50711932 -0.37419981 -0.41598317 -481.37481080 -136.18543924 490.66334224
night-rain/rear/1418840663863092.jpg 0.65557132 -0.50706188 -0.37562115 -0.41475686 -481.29156476 -136.90175720 491.69586719
night-rain/rear/1418840663988077.jpg 0.65478928 -0.50965871 -0.37708553 -0.41146750 -479.32686044 -134.70456517 495.19059759
night-rain/rear/1418840664113062.jpg 0.65443468 -0.51105846 -0.37788590 -0.40955677 -478.18650168 -133.71661167 497.69716786
night-rain/rear/1418840664238046.jpg 0.65541323 -0.51067553 -0.37806547 -0.40830197 -477.15292398 -135.51510747 499.45580165
night-rain/rear/1418840664363031.jpg 0.65598990 -0.51067920 -0.37691677 -0.40843329 -476.37232098 -136.08976375 500.99754324
night-rain/rear/1418840664488015.jpg 0.65617966 -0.51159872 -0.37606947 -0.40775820 -475.10164632 -135.56351651 503.45766017
night-rain/rear/1418840664613009.jpg 0.65615661 -0.51299659 -0.37508132 -0.40694840 -473.60966097 -134.44827315 506.29127862
snow/rear/1422953566559374.jpg 0.66250642 -0.52096137 -0.35762445 -0.40223034 -455.88054495 -130.81648404 516.47301906
snow/rear/1422953566650253.jpg 0.66085475 -0.52308795 -0.35851569 -0.40139320 -455.88006339 -127.55040979 518.08208022
snow/rear/1422953566832006.jpg 0.65952369 -0.52534417 -0.36061683 -0.39874491 -455.01365172 -124.97212107 520.66176060
snow/rear/1422953567013884.jpg 0.66107432 -0.52279800 -0.36293491 -0.39741823 -455.44262312 -129.62206353 520.31770878
snow/rear/1422953567104761.jpg 0.66081370 -0.52280230 -0.36348693 -0.39734148 -455.90565528 -129.51442936 520.73764654
snow/rear/1422953567286638.jpg 0.66112253 -0.52146428 -0.36443724 -0.39771535 -456.99373676 -131.35532437 520.50105394
snow/rear/1422953567377513.jpg 0.66037376 -0.52216616 -0.36519652 -0.39734179 -457.28464984 -130.15047430 521.31287964
snow/rear/1422953567559392.jpg 0.65820741 -0.52453027 -0.36580733 -0.39726062 -457.87582598 -126.01396015 522.99514419
snow/rear/1422953567741145.jpg 0.65819621 -0.52394537 -0.36670663 -0.39722192 -458.56324504 -126.90953460 523.51848808
sun/rear/1425997485000249.jpg 0.65735169 -0.52357736 -0.36713724 -0.39870509 -459.45762359 -124.63076339 512.63460976
sun/rear/1425997485091125.jpg 0.66058081 -0.51889402 -0.36587293 -0.40064822 -460.08358364 -131.93947344 511.22449457
sun/rear/1425997485182123.jpg 0.66060105 -0.51808421 -0.36559575 -0.40191386 -461.05126026 -132.64962758 510.78347998
sun/rear/1425997485273001.jpg 0.65868714 -0.51918325 -0.36740747 -0.40198476 -462.66431599 -130.09022004 510.98685943
sun/rear/1425997485454753.jpg 0.65729807 -0.52022904 -0.36843894 -0.40196237 -463.51261809 -128.11295044 512.28903019
sun/rear/1425997485545755.jpg 0.65809916 -0.51863908 -0.37053812 -0.40077487 -463.91819817 -130.98580831 511.81870877
sun/rear/1425997485636630.jpg 0.65733952 -0.51882825 -0.37109197 -0.40126394 -464.92692418 -130.22515214 512.15030905
sun/rear/1425997485727506.jpg 0.65643545 -0.51890510 -0.37117045 -0.40256987 -466.30834502 -129.17574822 511.97617390
overcast-summer/rear/1432293762183532.jpg 0.65549981 -0.51438944 -0.36971746 -0.41113562 -473.46193891 -129.79151003 499.84927806
overcast-summer/rear/1432293762274409.jpg 0.65459071 -0.51393823 -0.37176807 -0.41129916 -475.23310730 -129.70035030 499.10836892
overcast-summer/rear/1432293762365285.jpg 0.65187767 -0.51637971 -0.37333631 -0.41112954 -476.49200276 -125.09460103 499.93153420
overcast-summer/rear/1432293762547162.jpg 0.65195955 -0.51564498 -0.37535283 -0.41008444 -476.96559816 -126.53566897 500.41564967
overcast-summer/rear/1432293762638039.jpg 0.65243889 -0.51398833 -0.37721082 -0.40969684 -477.97608200 -129.01486598 499.47799696
overcast-summer/rear/1432293762819790.jpg 0.65074611 -0.51360247 -0.37837614 -0.41179303 -481.00488523 -127.71836967 498.42700937
overcast-summer/rear/1432293762910791.jpg 0.65044869 -0.51396498 -0.37853071 -0.41166856 -481.03915302 -127.20672990 499.40444733
overcast-summer/rear/1432293763092543.jpg 0.65068502 -0.51500049 -0.37793320 -0.41054841 -479.54404447 -126.83859582 502.31072707
overcast-summer/rear/1432293763183544.jpg 0.65081199 -0.51498956 -0.37781709 -0.41046772 -479.33447471 -127.03515427 503.22678182
overcast-winter/rear/1447410968705538.jpg 0.65951630 -0.51812185 -0.36750000 -0.40191013 -462.64007764 -131.52126305 508.87733004
overcast-winter/rear/1447410968887388.jpg 0.65883628 -0.51782260 -0.36888514 -0.40214208 -463.97337111 -131.52206729 509.15797762
overcast-winter/rear/1447410968978251.jpg 0.65706259 -0.51962126 -0.36923062 -0.40240682 -464.65821371 -128.18292073 510.07136869
overcast-winter/rear/1447410969069114.jpg 0.65767336 -0.51933154 -0.36858140 -0.40237824 -464.02981722 -129.11029297 511.16355750
overcast-winter/rear/1447410969250965.jpg 0.65758973 -0.51835630 -0.37102662 -0.40152428 -465.15553893 -130.62284813 511.30681016
overcast-winter/rear/1447410969341828.jpg 0.65748137 -0.51802582 -0.37142664 -0.40175832 -465.68597916 -130.93647872 511.31513637
overcast-winter/rear/1447410969432691.jpg 0.65647506 -0.51848192 -0.37148082 -0.40276420 -466.79804118 -129.49248098 511.52748807
overcast-winter/rear/1447410969614541.jpg 0.65560659 -0.51904817 -0.37116708 -0.40373754 -467.58250154 -128.09546890 512.75046967
rain/rear/1416907602360967.jpg 0.58926543 -0.47428552 -0.42038940 -0.50109106 -601.83290740 -105.02201503 467.28997690
rain/rear/1416907602451829.jpg 0.58952544 -0.47397547 -0.42038821 -0.50107958 -601.80352577 -105.77982731 467.92326542
rain/rear/1416907602633677.jpg 0.59111505 -0.47288265 -0.42065663 -0.50001300 -600.99512738 -109.13260709 469.49224677
rain/rear/1416907602815399.jpg 0.59259873 -0.47425652 -0.42049168 -0.49708576 -597.94780090 -110.36654379 474.43693714
rain/rear/1416907602906386.jpg 0.59292221 -0.47573969 -0.42067594 -0.49512296 -596.17264974 -109.85558843 477.36911189
rain/rear/1416907603088109.jpg 0.59585422 -0.47912968 -0.41646158 -0.49188642 -589.44378193 -110.09579725 486.75605317
rain/rear/1416907603178971.jpg 0.59756506 -0.47994010 -0.41530772 -0.48999286 -586.57722452 -111.62279386 490.59628951
rain/rear/1416907603360820.jpg 0.59680545 -0.48387886 -0.41199788 -0.48983900 -583.77324527 -106.65916204 496.46534417
night/rear/1418235528133057.jpg 0.59183845 -0.49121711 -0.39906234 -0.49918158 -583.58834210 -88.77769493 495.92333678
night/rear/1418235528224044.jpg 0.59103342 -0.49223013 -0.39893671 -0.49923792 -583.53679413 -87.00269954 497.15019457
night/rear/1418235528314906.jpg 0.58901570 -0.49484846 -0.39873299 -0.49919685 -583.26940164 -82.25234306 499.23664419
night/rear/1418235528496629.jpg 0.58893569 -0.49652115 -0.40002094 -0.49659314 -581.69020929 -81.51876893 502.66580589
night/rear/1418235528587617.jpg 0.58856797 -0.49683775 -0.39930408 -0.49728890 -581.76318135 -80.66171122 503.40733756
night/rear/1418235528678479.jpg 0.58729401 -0.49657552 -0.39951815 -0.49888250 -583.58377969 -79.32772979 502.51235495
night/rear/1418235528769340.jpg 0.58781523 -0.49615144 -0.39852948 -0.49948098 -583.38644873 -80.24244773 503.30800282
night/rear/1418235528951187.jpg 0.58833388 -0.49598110 -0.39884364 -0.49878828 -582.99801364 -81.69701243 505.22166419
night/rear/1418235529042050.jpg 0.58786478 -0.49636831 -0.39902130 -0.49881409 -583.16157217 -80.90024766 505.78391951
dawn/rear/1418721824825578.jpg 0.57663203 -0.48664258 -0.40327224 -0.51773159 -606.55859837 -71.83946184 471.76994813
dawn/rear/1418721824916565.jpg 0.57580769 -0.48667135 -0.40411013 -0.51796863 -607.46581829 -71.05094244 471.37141516
dawn/rear/1418721825098289.jpg 0.57276348 -0.48804354 -0.40685071 -0.51790733 -609.52752906 -66.92495745 470.98866459
dawn/rear/1418721825189150.jpg 0.57454939 -0.48651876 -0.40795833 -0.51649056 -609.10040019 -71.10464081 471.42872863
dawn/rear/1418721825280137.jpg 0.57426061 -0.48589119 -0.40811426 -0.51727870 -610.02510710 -71.37226100 471.00743830
dawn/rear/1418721825461862.jpg 0.57224711 -0.48480176 -0.40804320 -0.52057780 -613.18286381 -69.55895870 468.73687734
dawn/rear/1418721825552848.jpg 0.57243406 -0.48414848 -0.40851224 -0.52061238 -613.63421486 -70.61304777 468.64171051
dawn/rear/1418721825734572.jpg 0.57143525 -0.48427497 -0.40890311 -0.52128471 -614.61423871 -69.64178573 468.89434448
dawn/rear/1418721825825433.jpg 0.57126658 -0.48373753 -0.40964436 -0.52138661 -615.36543069 -70.12996971 468.62483460
night-rain/rear/1418840676611516.jpg 0.58229181 -0.48414900 -0.40662052 -0.51107314 -602.15664803 -82.79825074 473.78551768
night-rain/rear/1418840676736500.jpg 0.58131575 -0.48425768 -0.40634407 -0.51229972 -603.13422660 -81.38407801 473.66256522
night-rain/rear/1418840676861485.jpg 0.57976806 -0.48567479 -0.40670567 -0.51242512 -603.50381628 -78.40418240 474.64251435
night-rain/rear/1418840676986470.jpg 0.57791565 -0.48711960 -0.40762421 -0.51241633 -604.21749969 -75.17332748 475.23351003
night-rain/rear/1418840677111454.jpg 0.57912132 -0.48704620 -0.40833626 -0.51055460 -602.97270997 -77.38659699 477.51537905
night-rain/rear/1418840677236439.jpg 0.57931101 -0.48699050 -0.40822206 -0.51048384 -602.83827096 -77.81440667 478.64167344
night-rain/rear/1418840677361422.jpg 0.57801579 -0.48748462 -0.40779866 -0.51181711 -603.82239553 -75.65420481 478.84408485
night-rain/rear/1418840677611392.jpg 0.57941091 -0.48787088 -0.40679663 -0.51066770 -601.93390192 -77.56829559 482.94037434
snow/rear/1422953584286881.jpg 0.59478526 -0.50620944 -0.38824477 -0.48913035 -564.57939506 -78.06367759 519.33242050
snow/rear/1422953584468633.jpg 0.59333043 -0.50757315 -0.38889202 -0.48896984 -564.94044134 -75.31386276 520.35493897
snow/rear/1422953584650511.jpg 0.59134529 -0.50953729 -0.38908964 -0.48917456 -565.24104758 -71.22831091 521.67588024
snow/rear/1422953584832264.jpg 0.59215623 -0.50999951 -0.38917156 -0.48764434 -563.72548717 -72.21419074 524.31963237
snow/rear/1422953585014143.jpg 0.59183760 -0.50987964 -0.38853925 -0.48865965 -564.22194001 -71.88234302 524.89625307
snow/rear/1422953585105019.jpg 0.59148098 -0.50998113 -0.38797133 -0.48943616 -564.55299976 -71.24242488 525.18051978
snow/rear/1422953585286896.jpg 0.58928283 -0.51045592 -0.38892576 -0.49083322 -566.81409517 -68.26302500 524.31890347
snow/rear/1422953585468648.jpg 0.58812307 -0.51103645 -0.38851995 -0.49194029 -567.61096457 -66.41964654 524.76242574
snow/rear/1422953585650526.jpg 0.58679042 -0.51081161 -0.38839477 -0.49386030 -569.48464189 -64.88076988 524.00398964
sun/rear/1425997496636755.jpg 0.58179528 -0.49186965 -0.40674101 -0.50412325 -594.93124720 -76.08078438 482.25963479
sun/rear/1425997496727631.jpg 0.58262767 -0.49034682 -0.40645787 -0.50487325 -595.46672916 -78.51004071 482.16383844
sun/rear/1425997496909507.jpg 0.58240557 -0.48980736 -0.40537668 -0.50651974 -596.24257691 -78.53597831 482.77285765
sun/rear/1425997497000383.jpg 0.58104045 -0.49121177 -0.40504136 -0.50699556 -596.38517984 -75.54357911 483.79501509
sun/rear/1425997497091260.jpg 0.57885555 -0.49368639 -0.40540504 -0.50680050 -596.42776881 -70.86150852 485.45217466
sun/rear/1425997497273136.jpg 0.57916082 -0.49492701 -0.40638498 -0.50445143 -594.97606554 -70.91725428 488.76252669
sun/rear/1425997497364013.jpg 0.57958261 -0.49469587 -0.40576594 -0.50469199 -594.69763375 -71.61598627 489.70663589
sun/rear/1425997497454889.jpg 0.57829577 -0.49468829 -0.40548674 -0.50639708 -596.17671401 -69.90118534 489.19001558
sun/rear/1425997497545891.jpg 0.57896567 -0.49427700 -0.40466437 -0.50669098 -595.84012410 -71.20167636 490.15272835
sun/rear/1425997497636766.jpg 0.57922556 -0.49428863 -0.40449691 -0.50651629 -595.55887418 -71.68940116 491.34201486
overcast-summer/rear/1432293776001814.jpg 0.58753447 -0.49297084 -0.40177512 -0.50035962 -586.69391279 -81.95538544 493.40223761
overcast-summer/rear/1432293776092690.jpg 0.58640110 -0.49383423 -0.40166871 -0.50092290 -587.32207806 -80.09909935 493.75961618
overcast-summer/rear/1432293776274567.jpg 0.58391952 -0.49647759 -0.40221698 -0.50076891 -587.58085875 -74.99834403 495.73479359
overcast-summer/rear/1432293776365441.jpg 0.58498739 -0.49697862 -0.40219554 -0.49903983 -585.81675779 -76.22423486 498.27700128
overcast-summer/rear/1432293776547321.jpg 0.58523307 -0.49728639 -0.40134057 -0.49913350 -585.19798416 -76.31789419 500.37191297
overcast-summer/rear/1432293776638196.jpg 0.58361481 -0.49756231 -0.40190639 -0.50029666 -586.85238542 -74.12884070 499.50260634
overcast-summer/rear/1432293776729073.jpg 0.58387541 -0.49773236 -0.40062638 -0.50084978 -586.36649368 -74.27815308 500.84348428
overcast-summer/rear/1432293776910949.jpg 0.58435648 -0.49761582 -0.40073495 -0.50031740 -585.95848728 -75.33207779 502.49110504
overcast-summer/rear/1432293777092703.jpg 0.58392208 -0.49839894 -0.40013060 -0.50052872 -585.66106266 -74.16858489 504.34596904
overcast-winter/rear/1447410981249342.jpg 0.59199599 -0.49765425 -0.39868942 -0.49287701 -576.71024808 -83.70269110 503.66666187
overcast-winter/rear/1447410981431066.jpg 0.59269469 -0.49874593 -0.39716684 -0.49216257 -574.71416912 -83.64083364 507.35577156
overcast-winter/rear/1447410981522053.jpg 0.59183021 -0.50080685 -0.39611299 -0.49195935 -573.55612110 -80.61693194 509.79468892
overcast-winter/rear/1447410981703780.jpg 0.59177107 -0.50429059 -0.39525245 -0.48915591 -569.87638749 -77.80218916 515.75464662
overcast-winter/rear/1447410981794644.jpg 0.59143322 -0.50533578 -0.39525466 -0.48848362 -569.18938861 -76.65691416 517.50494685
overcast-winter/rear/1447410981885631.jpg 0.59174931 -0.50535507 -0.39414623 -0.48897623 -568.72949512 -76.91263017 518.76413785
overcast-winter/rear/1447410982067355.jpg 0.59060964 -0.50586485 -0.39286607 -0.49085359 -569.57430179 -74.85988577 519.71277210
overcast-winter/rear/1447410982158219.jpg 0.59084812 -0.50561893 -0.39289948 -0.49079324 -569.62781871 -75.59503852 520.28636644
rain/rear/1416907616358920.jpg 0.55745560 -0.46714639 -0.44067533 -0.52613948 -650.49620439 -90.58043637 517.27066121
rain/rear/1416907616540768.jpg 0.55629062 -0.46714318 -0.44270786 -0.52566886 -651.86636601 -89.70153354 516.92772741
rain/rear/1416907616722492.jpg 0.55925285 -0.46279882 -0.43861800 -0.52978085 -652.73615150 -97.20774634 515.66432329
rain/rear/1416907616904340.jpg 0.56182026 -0.45763413 -0.43527807 -0.53428644 -654.72055384 -104.93770749 512.80157772
rain/rear/1416907616995200.jpg 0.56083710 -0.45655859 -0.43572268 -0.53587475 -656.92540233 -104.72553672 510.70156970
rain/rear/1416907617176924.jpg 0.55488693 -0.46102874 -0.43377413 -0.53980830 -659.31755284 -91.46678725 511.08389538
rain/rear/1416907617358773.jpg 0.54908128 -0.46181788 -0.44357553 -0.53709845 -665.43304024 -85.41512772 505.63202271
rain/rear/1416907617449635.jpg 0.54797696 -0.46092922 -0.44608940 -0.53690758 -667.52700932 -85.48510944 503.52000218
rain/rear/1416907617631482.jpg 0.54754064 -0.45793750 -0.44277054 -0.54262948 -670.85557275 -86.88163966 500.09015784
night/rear/1418235541131173.jpg 0.56123680 -0.47847962 -0.43268898 -0.51850820 -634.84377370 -83.69939002 539.26931323
night/rear/1418235541222160.jpg 0.56145124 -0.47666498 -0.43241358 -0.52017449 -636.52564721 -85.75197577 537.64397710
night/rear/1418235541313022.jpg 0.56385237 -0.47145891 -0.42975865 -0.52450405 -638.99090609 -93.64985491 534.14535075
night/rear/1418235541494744.jpg 0.56458126 -0.46531441 -0.42714283 -0.53129982 -644.33512299 -99.94050479 527.96792938
night/rear/1418235541585732.jpg 0.56153183 -0.46782849 -0.42402476 -0.53480978 -645.19998838 -92.38137938 528.64886327
night/rear/1418235541767456.jpg 0.55166996 -0.47236294 -0.43425309 -0.53287686 -652.53127271 -76.83799304 523.78254915
night/rear/1418235541858442.jpg 0.54981929 -0.47075392 -0.44001506 -0.53148495 -656.39705904 -77.34056461 519.64496191
night/rear/1418235542040166.jpg 0.54811427 -0.46688569 -0.43844583 -0.53791612 -662.10275066 -78.25069087 513.65081675
night/rear/1418235542131027.jpg 0.54764998 -0.46439638 -0.43549971 -0.54291390 -664.94610244 -79.11619933 510.62417814
night/rear/1418235542222015.jpg 0.54625543 -0.46418908 -0.43406163 -0.54564091 -666.65974611 -76.92768837 509.47477103
dawn/rear/1418721838732691.jpg 0.55763922 -0.46653456 -0.44741424 -0.52077298 -650.46728267 -93.54008858 517.25117417
dawn/rear/1418721838914541.jpg 0.56241666 -0.46091539 -0.44308690 -0.52432671 -650.38878851 -104.74686835 516.58788137
dawn/rear/1418721839096264.jpg 0.56501195 -0.45705251 -0.43857440 -0.52869367 -651.07991151 -111.01864802 515.64286166
dawn/rear/1418721839187126.jpg 0.56424662 -0.45698933 -0.43935265 -0.52891942 -652.07070417 -110.31615418 515.23890296
dawn/rear/1418721839368975.jpg 0.56042372 -0.46180001 -0.43786956 -0.53003420 -651.84946091 -100.00940708 518.54731593
dawn/rear/1418721839550824.jpg 0.55662892 -0.46502500 -0.44535127 -0.52495547 -653.29819000 -93.94186563 519.24121002
dawn/rear/1418721839641685.jpg 0.55601147 -0.46581461 -0.44682295 -0.52365757 -653.23232779 -92.84221630 520.14724360
dawn/rear/1418721839823412.jpg 0.55693065 -0.46472599 -0.44060498 -0.52889058 -653.31006419 -93.71694171 521.08884920
dawn/rear/1418721840005260.jpg 0.55825599 -0.46470394 -0.43286805 -0.53387803 -651.71296895 -93.78653557 524.17623233
night-rain/rear/1418840689234953.jpg 0.54312959 -0.45152713 -0.46026704 -0.53785477 -680.47743039 -90.07979343 477.19815787
night-rain/rear/1418840689359938.jpg 0.54424443 -0.44905735 -0.46220829 -0.53713034 -681.41146664 -94.81895964 476.05074897
night-rain/rear/1418840689484924.jpg 0.54901639 -0.44275275 -0.45915847 -0.54011527 -681.75097524 -106.71366626 474.03326776
night-rain/rear/1418840689609908.jpg 0.55258212 -0.43806221 -0.45510933 -0.54371868 -681.94622517 -114.91925338 472.84904308
night-rain/rear/1418840689734892.jpg 0.55382940 -0.43845638 -0.45265826 -0.54417782 -680.16075408 -115.67184917 476.12233130
night-rain/rear/1418840689859877.jpg 0.55080850 -0.44345011 -0.45439190 -0.54174717 -679.17674814 -107.53240695 480.45341970
night-rain/rear/1418840689984862.jpg 0.54681601 -0.44745363 -0.46073881 -0.53711940 -680.10648073 -100.52955778 481.93423467
night-rain/rear/1418840690109846.jpg 0.54673371 -0.44900139 -0.46041693 -0.53618677 -678.85445575 -99.07106465 485.00823116
night-rain/rear/1418840690234831.jpg 0.54950614 -0.44695693 -0.45350138 -0.54093345 -677.65017262 -103.20828941 486.79847763
snow/rear/1422953600832492.jpg 0.54697509 -0.47096895 -0.44495196 -0.53011720 -659.02576543 -73.17882626 510.14169108
snow/rear/1422953600923493.jpg 0.54731869 -0.46968686 -0.44495646 -0.53089571 -659.89713606 -74.94475584 509.35103888
snow/rear/1422953601105246.jpg 0.54975449 -0.46392564 -0.44196606 -0.53591884 -662.75069222 -83.17678993 505.59146709
snow/rear/1422953601287123.jpg 0.55197532 -0.45835221 -0.43917793 -0.54070255 -665.52896418 -90.82298291 501.80286535
snow/rear/1422953601378000.jpg 0.55102518 -0.45922462 -0.43587470 -0.54359659 -665.54129354 -87.64670830 502.72316474
snow/rear/1422953601559880.jpg 0.54497018 -0.46325695 -0.43839423 -0.54425270 -668.40961524 -76.06149634 502.03424474
snow/rear/1422953601741644.jpg 0.54077653 -0.46383483 -0.44808509 -0.54003495 -672.80376223 -72.67812256 498.10345159
snow/rear/1422953601832506.jpg 0.53997940 -0.46318058 -0.44951668 -0.54020436 -674.29524206 -72.66324519 496.74784327
snow/rear/1422953602014385.jpg 0.54008749 -0.46086658 -0.44450591 -0.54618861 -676.24075533 -73.58306019 495.17627194
snow/rear/1422953602196261.jpg 0.53914145 -0.46088827 -0.43919073 -0.55138009 -677.03781615 -70.72638725 495.76470840
dusk/rear/1424450543643771.jpg 0.56794630 -0.47515945 -0.43950711 -0.50842305 -628.55217831 -97.77874894 540.64772881
dusk/rear/1424450543825522.jpg 0.56436292 -0.47838635 -0.44372176 -0.50571929 -629.64603181 -90.96137234 542.01641800
dusk/rear/1424450543916521.jpg 0.56518404 -0.47682806 -0.44327757 -0.50666261 -630.26493589 -93.61105809 541.52950270
dusk/rear/1424450544098274.jpg 0.57096738 -0.46944462 -0.43636653 -0.51303241 -630.78139427 -107.48872913 539.67380482
dusk/rear/1424450544189273.jpg 0.57175104 -0.46759250 -0.43412815 -0.51574291 -631.90055497 -109.74715714 538.76578830
dusk/rear/1424450544371027.jpg 0.56933294 -0.47073613 -0.43201389 -0.51733113 -631.61863721 -102.91571354 541.46374172
dusk/rear/1424450544461902.jpg 0.56584980 -0.47422463 -0.43306870 -0.51708462 -632.35080835 -95.00587194 542.73995391
dusk/rear/1424450544643779.jpg 0.56045852 -0.47785641 -0.44011561 -0.51365139 -635.41883364 -85.90562865 542.09767679
dusk/rear/1424450544825544.jpg 0.55898323 -0.47812158 -0.43955688 -0.51548739 -636.97368950 -83.59796559 541.75976173
sun/rear/1425997508546014.jpg 0.54251452 -0.45048196 -0.46748957 -0.53310177 -681.32854492 -92.85348191 475.19951677
sun/rear/1425997508636889.jpg 0.54610667 -0.44607735 -0.46663637 -0.53388482 -681.25082180 -101.92543192 474.34145545
sun/rear/1425997508727766.jpg 0.55113542 -0.44064186 -0.46193371 -0.53730973 -680.53436966 -112.78673333 473.70594369
sun/rear/1425997508909643.jpg 0.55585902 -0.43683378 -0.45948313 -0.53765440 -678.56628607 -122.58489178 475.60452630
sun/rear/1425997509000519.jpg 0.55612004 -0.43959413 -0.45694639 -0.53729647 -675.87444651 -119.60260717 480.53999596
sun/rear/1425997509091394.jpg 0.55360365 -0.44480220 -0.45706728 -0.53550303 -674.20590768 -111.40329250 485.68268871
sun/rear/1425997509273271.jpg 0.55175493 -0.45035097 -0.46144393 -0.52898015 -671.39213175 -105.54382452 492.69500502
sun/rear/1425997509364148.jpg 0.55282886 -0.45158360 -0.45889187 -0.52902812 -669.14982726 -105.26319322 496.48088529
sun/rear/1425997509455024.jpg 0.55555985 -0.45089716 -0.45349724 -0.53139933 -666.79198191 -108.37101475 499.80943304
overcast-summer/rear/1432293789092836.jpg 0.55485922 -0.46537324 -0.45243093 -0.52044716 -654.45617194 -92.27971257 511.85055921
overcast-summer/rear/1432293789183837.jpg 0.55741793 -0.46276047 -0.45140752 -0.52093114 -654.28079167 -97.68851946 512.31828434
overcast-summer/rear/1432293789274713.jpg 0.56173659 -0.45833885 -0.44725552 -0.52377476 -653.48964685 -107.05926381 512.22997420
overcast-summer/rear/1432293789365589.jpg 0.56436136 -0.45558836 -0.44294046 -0.52700972 -653.06709042 -112.28247855 512.45530691
overcast-summer/rear/1432293789547468.jpg 0.56483825 -0.45734096 -0.43897238 -0.52829939 -650.75956180 -110.39664708 516.99007273
overcast-summer/rear/1432293789638344.jpg 0.56233175 -0.46075699 -0.43950995 -0.52755758 -650.47804118 -103.88297873 519.37352972
overcast-summer/rear/1432293789820095.jpg 0.55629286 -0.46657931 -0.44652632 -0.52293044 -652.07664384 -92.06891130 521.31683948
overcast-summer/rear/1432293789911096.jpg 0.55536655 -0.46727989 -0.44607679 -0.52367261 -652.49401580 -90.08944083 521.96487073
overcast-summer/rear/1432293790001972.jpg 0.55506509 -0.46647428 -0.44276602 -0.52750616 -653.66360432 -89.64435285 521.23004212
overcast-summer/rear/1432293790183849.jpg 0.55614229 -0.46310231 -0.43536623 -0.53544211 -655.69561663 -92.56448236 519.67224293
overcast-winter/rear/1447410994611163.jpg 0.55222889 -0.46555317 -0.44766477 -0.52716198 -657.81434720 -86.42798981 508.04175254
overcast-winter/rear/1447410994702024.jpg 0.55061216 -0.46689426 -0.44985192 -0.52580343 -658.35680701 -83.63138672 508.41944853
overcast-winter/rear/1447410994883874.jpg 0.55272348 -0.46346386 -0.44924798 -0.52713779 -659.26569012 -89.91172396 507.63566033
overcast-winter/rear/1447410994974737.jpg 0.55620365 -0.45904793 -0.44554349 -0.53047479 -659.50724433 -98.15743788 506.53231970
overcast-winter/rear/1447410995156462.jpg 0.55848859 -0.45521588 -0.44210463 -0.53424011 -660.52379669 -104.20775225 505.39393170
overcast-winter/rear/1447410995247450.jpg 0.55752489 -0.45734342 -0.43946331 -0.53560713 -659.56764726 -100.10560397 508.06508055
overcast-winter/rear/1447410995429176.jpg 0.55118191 -0.46382486 -0.44225219 -0.53430141 -660.66513647 -85.99422506 510.65145257
overcast-winter/rear/1447410995520163.jpg 0.54921103 -0.46414680 -0.44901141 -0.53039961 -662.78450345 -85.05836659 508.90517280
overcast-winter/rear/1447410995701888.jpg 0.54823079 -0.46404741 -0.44745223 -0.53281282 -663.99236366 -83.54749758 508.96056937
rain/rear/1416907630811305.jpg 0.54762761 -0.44952753 -0.45090576 -0.54287476 -679.28387881 -114.78308413 580.37043328
rain/rear/1416907630993153.jpg 0.54746530 -0.45289927 -0.45043063 -0.54062579 -675.90220133 -111.03430191 585.96950149
rain/rear/1416907631174878.jpg 0.54961123 -0.45551729 -0.44969656 -0.53684681 -670.13490096 -111.43932101 593.33489738
rain/rear/1416907631356725.jpg 0.55096778 -0.45756256 -0.44752151 -0.53553291 -666.02953600 -111.10114832 598.94336451
rain/rear/1416907631538575.jpg 0.55011203 -0.45895670 -0.44801088 -0.53481001 -665.68876976 -108.55999701 600.71464046
rain/rear/1416907631811160.jpg 0.55080010 -0.46270320 -0.44405940 -0.53416875 -660.53884169 -105.22753660 608.31916649
rain/rear/1416907631993007.jpg 0.55005113 -0.46564230 -0.44216258 -0.53395997 -658.11943979 -100.85932742 612.44737239
rain/rear/1416907632265718.jpg 0.55228140 -0.46486584 -0.44198784 -0.53247699 -655.99582495 -105.15415227 615.05065104
rain/rear/1416907632538428.jpg 0.55473530 -0.46109571 -0.44126041 -0.53380591 -656.99093713 -113.00072941 613.53445110
rain/rear/1416907632901999.jpg 0.55490314 -0.45858369 -0.43905979 -0.53759650 -659.70326352 -116.02684398 611.22886966
night/rear/1418235555129143.jpg 0.54895401 -0.45420260 -0.44923546 -0.53901484 -672.25805166 -111.47861876 589.62155982
night/rear/1418235555310992.jpg 0.55227371 -0.45775676 -0.44801088 -0.53360917 -663.80378953 -112.48781371 599.74804100
night/rear/1418235555492715.jpg 0.55280195 -0.46192911 -0.44596020 -0.53117888 -658.34920604 -108.61679693 607.34189702
night/rear/1418235555674563.jpg 0.55393772 -0.46508010 -0.44462231 -0.52836020 -653.22096991 -106.78698312 614.02815881
night/rear/1418235555947275.jpg 0.55718556 -0.46812418 -0.44110458 -0.52519592 -645.11894081 -107.95974548 623.45211235
night/rear/1418235556219985.jpg 0.55870498 -0.47322960 -0.43518243 -0.52394537 -636.79254088 -104.21631678 633.68901374
night/rear/1418235556492571.jpg 0.55983234 -0.47586579 -0.43356516 -0.52169028 -631.92442235 -102.95371970 639.75318125
night/rear/1418235556765281.jpg 0.56115862 -0.47521311 -0.43260028 -0.52166129 -630.81245855 -105.68439422 641.19674174
night/rear/1418235557128853.jpg 0.56137688 -0.47079242 -0.43208101 -0.52584836 -635.98277429 -111.11257728 636.27566300
night/rear/1418235557583412.jpg 0.55838674 -0.46327557 -0.43510602 -0.53316297 -649.35045268 -115.53450903 622.92191437
dawn/rear/1418721857729949.jpg 0.54563129 -0.45406607 -0.45100388 -0.54102310 -677.20916860 -107.50892564 586.67039697
dawn/rear/1418721858002661.jpg 0.54483415 -0.45730433 -0.44908435 -0.54069562 -674.72894575 -102.78234941 591.57382971
dawn/rear/1418721858184384.jpg 0.54535287 -0.45810998 -0.44812191 -0.54028904 -673.16789366 -102.68520205 594.08803561
dawn/rear/1418721858457095.jpg 0.54343560 -0.46076757 -0.44790596 -0.54014003 -672.72638160 -97.11591279 596.50355335
dawn/rear/1418721858820667.jpg 0.54576277 -0.45793886 -0.44724937 -0.54074301 -672.89406724 -103.67605004 596.58420442
dawn/rear/1418721859093377.jpg 0.54726890 -0.45491785 -0.44699636 -0.54197855 -674.26010336 -109.29000366 594.78965166
dawn/rear/1418721859547938.jpg 0.54730316 -0.45081343 -0.44539056 -0.54667518 -678.70533052 -113.75627275 589.95787578
night-rain/rear/1418840702233346.jpg 0.54399701 -0.44981413 -0.44959899 -0.54735295 -683.63895704 -108.76455794 576.42113767
night-rain/rear/1418840702358331.jpg 0.54334105 -0.45157115 -0.45125879 -0.54518758 -682.63492203 -106.31290273 578.72793597
night-rain/rear/1418840702608300.jpg 0.54483943 -0.45540147 -0.45087970 -0.54080218 -676.51850960 -104.61304025 587.43723366
night-rain/rear/1418840702733284.jpg 0.54506628 -0.45712608 -0.45040399 -0.53951344 -674.30860985 -103.16538630 590.99869488
night-rain/rear/1418840702983254.jpg 0.54502683 -0.45818964 -0.45017413 -0.53884251 -673.26724587 -102.13991996 593.60965371
night-rain/rear/1418840703233223.jpg 0.54616824 -0.46000082 -0.44764523 -0.53825017 -669.81499924 -101.72197307 598.87280301
night-rain/rear/1418840703483192.jpg 0.54524421 -0.46323293 -0.44538775 -0.53828779 -667.34318234 -96.74869999 603.43489936
night-rain/rear/1418840703733161.jpg 0.54782798 -0.46295032 -0.44462737 -0.53653332 -664.24513490 -100.93163637 607.11089197
night-rain/rear/1418840703983130.jpg 0.55057220 -0.46072687 -0.44400479 -0.53615366 -663.09711228 -107.44614285 607.93258127
night-rain/rear/1418840704358084.jpg 0.55174292 -0.45935961 -0.44039102 -0.53909577 -663.13422932 -110.35201708 608.47393518
snow/rear/1422953619196506.jpg 0.53913797 -0.44789257 -0.45547969 -0.54887225 -691.66222913 -104.69087840 567.52512041
snow/rear/1422953619469138.jpg 0.53926176 -0.44955784 -0.45524471 -0.54758264 -689.80314105 -103.22204723 570.92055066
snow/rear/1422953619741892.jpg 0.54202145 -0.45325738 -0.45369511 -0.54307573 -682.33184158 -103.26847242 580.68328791
snow/rear/1422953620014644.jpg 0.54516328 -0.45608497 -0.45143715 -0.53943304 -675.19226946 -104.68253155 589.68347267
snow/rear/1422953620378274.jpg 0.55063713 -0.46272859 -0.44739775 -0.53152258 -660.56861213 -105.15736221 607.13614022
snow/rear/1422953620651029.jpg 0.55403023 -0.47172397 -0.43942861 -0.52671577 -645.35787210 -99.45018800 625.12628190
snow/rear/1422953621014659.jpg 0.55999174 -0.48039385 -0.43181449 -0.51881331 -626.08652857 -97.94460040 645.68505296
snow/rear/1422953621378290.jpg 0.56732112 -0.48507602 -0.42565685 -0.51153128 -609.11931883 -102.96565738 661.86973852
snow/rear/1422953621832796.jpg 0.57246943 -0.48856243 -0.41846535 -0.50840166 -596.49449970 -106.29679781 673.79155751
snow/rear/1422953622378302.jpg 0.57197509 -0.48244067 -0.42094358 -0.51273970 -605.50998601 -112.82320798 665.80512869
dusk/rear/1424450560280285.jpg 0.54101479 -0.45047808 -0.45096508 -0.54863740 -686.73297934 -103.84725006 572.24859906
dusk/rear/1424450560462036.jpg 0.53987684 -0.45340049 -0.45302097 -0.54564915 -685.11072856 -99.61998001 576.09448320
dusk/rear/1424450560643910.jpg 0.53974809 -0.45644715 -0.45300386 -0.54324534 -682.03327838 -96.35563382 581.28019976
dusk/rear/1424450560825662.jpg 0.54238017 -0.45961750 -0.45203567 -0.53873857 -675.12955771 -96.85330804 590.09275240
dusk/rear/1424450561007538.jpg 0.54427865 -0.46130819 -0.45020912 -0.53690525 -670.74590423 -97.73150016 595.89743518
dusk/rear/1424450561189417.jpg 0.54396990 -0.46330524 -0.45016969 -0.53552988 -668.95221852 -95.30125226 599.19936939
dusk/rear/1424450561462044.jpg 0.54396990 -0.46748021 -0.44573899 -0.53560783 -664.16801840 -90.41538631 606.58230377
dusk/rear/1424450561643920.jpg 0.54399219 -0.47035253 -0.44353748 -0.53489765 -660.72950300 -87.19936589 611.54571413
dusk/rear/1424450561916673.jpg 0.54777961 -0.46853388 -0.44311398 -0.53297608 -657.81159821 -94.87945952 614.56872364
overcast-summer/rear/1432293803456627.jpg 0.54084633 -0.45011415 -0.45421553 -0.54641628 -687.24172449 -104.56836345 572.93185758
overcast-summer/rear/1432293803638504.jpg 0.54144529 -0.45295088 -0.45426754 -0.54342755 -683.50098397 -102.59124058 578.60738189
overcast-summer/rear/1432293803820256.jpg 0.54407077 -0.45617431 -0.45210839 -0.53989814 -676.57525152 -102.81349729 587.43853331
overcast-summer/rear/1432293804093009.jpg 0.54808576 -0.46023581 -0.44937290 -0.53464848 -666.76016818 -104.18935639 599.60738556
overcast-summer/rear/1432293804274886.jpg 0.54886155 -0.46342961 -0.44856438 -0.53176499 -662.17482947 -101.86015419 605.91962275
overcast-summer/rear/1432293804547639.jpg 0.55099138 -0.47130776 -0.44098016 -0.52897448 -650.06858395 -95.64096423 621.12186623
overcast-summer/rear/1432293804729393.jpg 0.55255294 -0.47598713 -0.43708380 -0.52638318 -642.17542091 -92.49656132 630.46432063
overcast-summer/rear/1432293805002145.jpg 0.55851746 -0.47720357 -0.43468408 -0.52094601 -632.22089828 -99.71051859 640.34698161
overcast-summer/rear/1432293805365773.jpg 0.56213566 -0.47814590 -0.42873535 -0.52111995 -625.78003638 -103.75870853 647.26017732
overcast-summer/rear/1432293805638528.jpg 0.56204782 -0.47663429 -0.42797342 -0.52322151 -627.85223791 -105.43825559 645.88515620
overcast-winter/rear/1447411011154300.jpg 0.53948563 -0.44943604 -0.45160630 -0.55046730 -689.79722910 -102.79821238 569.87785841
overcast-winter/rear/1447411011336151.jpg 0.54025688 -0.45137346 -0.45293819 -0.54702057 -686.83055859 -102.26214101 574.28428848
overcast-winter/rear/1447411011608864.jpg 0.54372351 -0.45708178 -0.44995194 -0.54128020 -676.18770358 -100.98606788 587.88498505
overcast-winter/rear/1447411011881578.jpg 0.54670399 -0.46207819 -0.44772787 -0.53585282 -666.75891760 -99.82351015 599.70931187
overcast-winter/rear/1447411012245151.jpg 0.55178778 -0.46779616 -0.44299746 -0.52957554 -653.34170561 -100.58185081 615.43636164
overcast-winter/rear/1447411012517867.jpg 0.55569574 -0.47029592 -0.43947270 -0.52620124 -644.95732822 -103.26874001 624.59736904
overcast-winter/rear/1447411012881440.jpg 0.55668999 -0.47440305 -0.43600315 -0.52434650 -638.53484044 -100.04493102 632.71946777
overcast-winter/rear/1447411013245016.jpg 0.55523621 -0.47603230 -0.43631497 -0.52415193 -638.66394280 -96.33402964 634.22787533
overcast-winter/rear/1447411013699456.jpg 0.55203623 -0.47423412 -0.43703375 -0.52854470 -645.36937615 -93.96322326 628.83302053
overcast-winter/rear/1447411014153895.jpg 0.54860938 -0.46488520 -0.44033311 -0.53760232 -661.32773241 -99.71315766 612.30270774
rain/rear/1416907651899223.jpg 0.01036822 0.00223607 0.63498976 0.77244773 -594.48687133 125.32610611 -578.68992810
rain/rear/1416907651990084.jpg 0.00787401 0.00244949 0.63507401 0.77240728 -596.92416737 122.94255600 -575.94388329
rain/rear/1416907652171808.jpg 0.00438748 0.00335410 0.63284418 0.77425948 -600.75775220 123.48020566 -570.54606697
rain/rear/1416907652262793.jpg 0.00435890 0.00707107 0.62988293 0.77664567 -603.33119377 130.65130488 -565.56099827
rain/rear/1416907652444518.jpg 0.00000000 0.00824621 0.62977337 0.77673515 -607.87078410 127.70871537 -560.13554560
rain/rear/1416907652626363.jpg 0.00734847 -0.00273861 -0.63461012 -0.77279266 -611.06539186 109.08543596 -559.91695616
night/rear/1418235576398810.jpg 0.00779423 0.01467140 0.63394972 0.77319580 -606.33592000 134.28173386 -566.28742541
night/rear/1418235576489672.jpg 0.00847054 0.01633248 0.63233041 0.77448031 -606.82306301 138.40920080 -564.05763883
night/rear/1418235576580659.jpg 0.01086278 0.01992486 0.63274126 0.77403068 -607.12512330 142.56691669 -561.90278286
night/rear/1418235576762383.jpg 0.00487340 0.01489127 0.63248656 0.77441284 -609.13749728 133.35589155 -560.48285311
night/rear/1418235576853369.jpg 0.00659545 0.01976107 0.62800318 0.77793187 -610.67300193 145.09678056 -554.96765694
night/rear/1418235577035092.jpg 0.00593717 0.02056089 0.62580688 0.77968439 -611.77525507 147.96108640 -551.54956884
night/rear/1418235577125955.jpg 0.00346410 0.01601562 0.62965665 0.77670071 -611.15701558 136.57506599 -554.64820189
night/rear/1418235577216941.jpg 0.00269258 0.01514100 0.63199070 0.77482337 -611.33635059 131.69998403 -554.87681079
night-rain/rear/1418840728480101.jpg 0.01597655 0.00050000 0.63491515 0.77241650 -587.84572097 129.43963345 -586.81718840
night-rain/rear/1418840728605085.jpg 0.01528888 0.00086603 0.63336621 0.77370069 -588.91046986 131.42981192 -584.40005776
night-rain/rear/1418840728730070.jpg 0.01559647 0.00327872 0.63316013 0.77385674 -590.36280054 133.62513591 -581.47685348
night-rain/rear/1418840728855054.jpg 0.01207270 0.00132288 0.63266006 0.77433439 -592.22387208 129.53677060 -579.44719436
night-rain/rear/1418840728980039.jpg 0.00986154 0.00111803 0.63101248 0.77570919 -594.00476820 129.53174769 -576.70910316
night-rain/rear/1418840729230008.jpg 0.00700000 0.00458258 0.62698923 0.77898299 -599.07341573 135.27902241 -568.25693229
night-rain/rear/1418840729354993.jpg 0.00165831 -0.00050000 0.63216671 0.77483047 -600.48807116 118.73202965 -569.54420362
night-rain/rear/1418840729479977.jpg 0.00269258 0.00239792 -0.63320672 -0.77397432 -602.97960595 111.49676730 -567.46817122
snow/rear/1422953653105997.jpg 0.00787401 0.02487971 0.63746490 0.77003734 -613.44457742 136.78743018 -556.86039377
snow/rear/1422953653287874.jpg 0.00187083 0.02137756 0.63803566 0.76970774 -616.51987459 127.56264078 -554.56687075
snow/rear/1422953653469627.jpg 0.00086603 -0.02102974 -0.63510373 -0.77214005 -618.55500163 128.97963333 -550.92053563
snow/rear/1422953653651505.jpg 0.00433013 0.03173720 0.62924618 0.77654572 -620.85548282 150.15339614 -541.71714674
snow/rear/1422953653833257.jpg 0.00086603 0.02993743 0.63202630 0.77436797 -622.90786132 141.43366746 -540.69427166
snow/rear/1422953654015135.jpg 0.00427200 -0.02387991 -0.63611968 -0.77120895 -623.75357938 125.90109731 -542.72398956
snow/rear/1422953654197010.jpg 0.00316228 -0.02747726 -0.63684692 -0.77049400 -625.16025527 128.52855426 -539.49697307
dusk/rear/1424450595553327.jpg 0.01209339 0.01716828 0.63584373 0.77153208 -604.35045856 136.83679714 -565.90438522
dusk/rear/1424450595735078.jpg 0.00963068 0.01515751 0.63431558 0.77286561 -605.18918555 135.14474932 -564.38962723
dusk/rear/1424450595916955.jpg 0.01467992 0.02344142 0.62850617 0.77731268 -605.90691370 154.36381913 -557.57981997
dusk/rear/1424450596098706.jpg 0.01250000 0.02311385 0.62976920 0.77633772 -607.78752871 150.11956953 -555.66288916
sun/rear/1425997551364620.jpg 0.02074247 0.01235921 -0.63772349 -0.76988684 -609.41872675 81.13426123 -570.72479185
sun/rear/1425997551546498.jpg 0.02475379 0.01194780 -0.63659622 -0.77070731 -613.17945297 78.99825453 -565.93398144
sun/rear/1425997551728249.jpg 0.02592296 0.00833667 -0.63727388 -0.77015615 -616.92154822 79.40933359 -560.70754786
sun/rear/1425997551910126.jpg 0.03007075 0.00672681 -0.63658758 -0.77058857 -621.62246826 77.35920585 -554.79443653
sun/rear/1425997552091879.jpg 0.03282149 0.00150000 -0.63416264 -0.77250129 -627.77581044 82.03789555 -546.05018930
sun/rear/1425997552273757.jpg 0.03651027 -0.00100000 -0.63404298 -0.77243479 -632.57170165 80.09518872 -539.75648812
sun/rear/1425997552455508.jpg 0.04143972 -0.00050000 -0.63801313 -0.76890946 -636.09529659 68.72337954 -536.35666527
sun/rear/1425997552637385.jpg 0.04507216 -0.00291548 -0.63743745 -0.76917716 -640.84331961 67.61134569 -529.84732211
sun/rear/1425997552819136.jpg 0.04907392 -0.00396863 -0.63736548 -0.76898716 -644.69704891 64.20346648 -524.55263922
sun/rear/1425997553001015.jpg 0.05071735 -0.00657647 -0.63697076 -0.76918967 -647.89221871 64.86166994 -519.58636681
overcast-summer/rear/1432293824638745.jpg 0.01858090 0.02034085 0.63563492 0.77149806 -600.33836219 145.85721302 -568.23867345
overcast-summer/rear/1432293824820497.jpg 0.01473940 0.01237942 0.63515805 0.77214231 -598.33660860 136.83317088 -571.33988114
overcast-summer/rear/1432293824911498.jpg 0.01514100 0.01059481 0.63363416 0.77341208 -596.68447970 137.95287160 -572.14955636
overcast-summer/rear/1432293825093250.jpg 0.02120731 0.01559647 0.62763425 0.77806314 -594.22455935 156.22423352 -569.04220091
overcast-summer/rear/1432293825275128.jpg 0.01866815 0.00827647 0.63210205 0.77461603 -591.81944882 141.64552507 -574.24855307
overcast-summer/rear/1432293825366004.jpg 0.01745709 0.00567891 0.63382943 0.77325497 -591.16416222 135.90058256 -575.66165492
overcast-summer/rear/1432293825547881.jpg 0.01628650 0.00563471 0.63574110 0.77170995 -592.29176666 131.80185317 -574.28762551
overcast-winter/rear/1447411035969197.jpg 0.01275735 0.02022993 -0.63927557 -0.76860572 -596.54721105 80.66214814 -585.89215153
overcast-winter/rear/1447411036150922.jpg 0.01513275 0.01644688 -0.63830048 -0.76946280 -601.60355602 82.61495944 -579.51140533
overcast-winter/rear/1447411036332774.jpg 0.01886134 0.01344433 -0.63665395 -0.77080169 -607.22662285 83.59024856 -572.51057531
overcast-winter/rear/1447411036514624.jpg 0.02316787 0.01082820 -0.63687656 -0.77054153 -612.89024057 80.88998640 -565.80595535
overcast-winter/rear/1447411036696349.jpg 0.02454078 0.00572276 -0.63697822 -0.77046982 -617.94963573 83.12473744 -558.98885794
overcast-winter/rear/1447411036969062.jpg 0.03348134 0.00346410 -0.63533574 -0.77150211 -627.09444961 78.08618796 -547.93436635
overcast-winter/rear/1447411037150788.jpg 0.03529164 -0.00324037 -0.63297512 -0.77336052 -633.49984043 84.70165793 -538.51743335
overcast-winter/rear/1447411037332638.jpg 0.03808871 -0.00750000 -0.63459022 -0.77187321 -638.77935891 82.63034251 -531.59189842
overcast-winter/rear/1447411037514488.jpg 0.04372070 -0.00556776 -0.63643381 -0.77007110 -641.94225046 72.55579412 -528.42506868
overcast-winter/rear/1447411037696214.jpg 0.04683748 -0.00705337 -0.63705475 -0.76936191 -645.42999759 69.44916414 -523.59821773
rain/rear/1416907675623005.jpg 0.30206539 -0.21139536 -0.59444848 -0.71463242 -787.55164064 -57.85302688 60.93004058
rain/rear/1416907675804729.jpg 0.30172090 -0.21074748 -0.59603062 -0.71365082 -787.58694849 -59.13686289 60.89527598
rain/rear/1416907675895716.jpg 0.30219158 -0.20926598 -0.59598721 -0.71392384 -787.54458895 -61.15285011 60.22614410
rain/rear/1416907676077438.jpg 0.30207615 -0.20813938 -0.59572183 -0.71452327 -787.59756360 -62.07811455 59.90823253
rain/rear/1416907676168300.jpg 0.30212456 -0.20703200 -0.59626693 -0.71436983 -787.61210270 -63.53667257 59.08984178
rain/rear/1416907676350147.jpg 0.30003083 -0.20715695 -0.59975120 -0.71229629 -787.84676835 -62.98869822 58.30738817
rain/rear/1416907676441010.jpg 0.29874153 -0.20715212 -0.59994125 -0.71267945 -788.09635166 -61.53090685 57.47557769
rain/rear/1416907676622859.jpg 0.29848032 -0.20444681 -0.59826039 -0.71497937 -788.62017836 -62.78006973 55.38723678
rain/rear/1416907676713721.jpg 0.29849288 -0.20222389 -0.59733366 -0.71637979 -788.70071141 -64.33563614 53.35055257
rain/rear/1416907760610595.jpg 0.72223455 -0.59272190 0.20376764 0.29246666 786.18204540 54.11058662 -46.57332029
rain/rear/1416907761065029.jpg 0.71962091 -0.58964502 0.21209255 0.29913417 784.91230351 53.84157865 -63.36774860
rain/rear/1416907761428601.jpg 0.71570158 -0.58649105 0.22050680 0.30850648 782.72123169 57.12528101 -83.40683269
rain/rear/1416907761701311.jpg 0.71101899 -0.58212112 0.22832105 0.32164655 779.10321009 65.36328914 -107.03279422
rain/rear/1416907762064885.jpg 0.70263148 -0.57468470 0.24527637 0.34042033 771.52191325 71.88805469 -148.44308043
rain/rear/1416907762428455.jpg 0.69206250 -0.56315140 0.26290397 0.36713962 758.12992867 86.94442437 -199.42270980
rain/rear/1416907762792029.jpg 0.67516276 -0.54899385 0.28788322 0.39985529 734.96122296 103.01795548 -266.12648118
rain/rear/1416907763064739.jpg 0.65886797 -0.53950162 0.30768653 0.42445259 712.25822114 114.65121962 -317.24151872
night/rear/1418235629209408.jpg 0.29297611 -0.20746927 -0.59810576 -0.71651308 -789.88573268 -51.19182106 46.63402612
night/rear/1418235629391132.jpg 0.29355068 -0.20200990 -0.60057722 -0.71577021 -789.77631549 -58.33819088 41.23090924
night/rear/1418235629572980.jpg 0.29299403 -0.20073365 -0.60082651 -0.71614803 -789.86907967 -59.05249262 39.96532894
night/rear/1418235629754704.jpg 0.29257948 -0.20063213 -0.60121897 -0.71601659 -789.92780064 -59.02840209 40.27862442
night/rear/1418235629936552.jpg 0.29368052 -0.20040771 -0.60296248 -0.71416017 -789.68558588 -61.93217272 42.09762268
night/rear/1418235630118276.jpg 0.29234825 -0.20168540 -0.60455934 -0.71299614 -789.84649547 -60.24504982 43.20314003
night/rear/1418235630300125.jpg 0.29234355 -0.20279855 -0.60324933 -0.71379146 -789.74560357 -58.62330834 45.58644297
night/rear/1418235757099889.jpg 0.71581021 -0.59230419 0.21673890 0.29969276 783.61460696 52.17866029 -71.12981056
night/rear/1418235757281738.jpg 0.71462525 -0.59142688 0.22053514 0.30147844 783.10111704 50.65477858 -77.23820596
night/rear/1418235757554448.jpg 0.71279853 -0.58859218 0.22565959 0.30749837 781.54783573 52.41730799 -89.36024926
night/rear/1418235757827158.jpg 0.70934001 -0.58416800 0.23313140 0.31817330 778.44312154 57.57243995 -109.75579177
night/rear/1418235758099743.jpg 0.70368157 -0.57707560 0.24429849 0.33486452 772.42898974 66.31990742 -141.38648561
night/rear/1418235758372455.jpg 0.69474708 -0.56720455 0.26056189 0.35736956 761.64574276 77.46824168 -185.99107341
night/rear/1418235758554303.jpg 0.68835783 -0.55891636 0.27306318 0.37311191 752.01756976 84.02237058 -218.66917415
night/rear/1418235758827014.jpg 0.67314133 -0.54752831 0.29369925 0.40104146 731.31007062 98.65044043 -274.49118485
night/rear/1418235759099599.jpg 0.65102727 -0.53156467 0.31911440 0.43791380 696.90767509 119.52330041 -345.29123246
night/rear/1418235759372310.jpg 0.62615094 -0.50980192 0.35001000 0.47489999 650.00300596 134.32468143 -421.59264153
dawn/rear/1418721951261952.jpg 0.27083482 -0.19161028 -0.60258526 -0.72582711 -792.09414815 -38.06683246 0.50307209
dawn/rear/1418721951443676.jpg 0.27068524 -0.18691174 -0.60328352 -0.72652770 -791.87402549 -42.49306226 -4.72373264
dawn/rear/1418721951625525.jpg 0.27122223 -0.18386952 -0.60590263 -0.72492241 -791.57364658 -47.70450968 -7.23150871
dawn/rear/1418721951807248.jpg 0.27319682 -0.18284830 -0.60524417 -0.72498931 -791.51890566 -50.81531115 -5.34550646
dawn/rear/1418721951989097.jpg 0.27399133 -0.18434004 -0.60570971 -0.72392213 -791.54522928 -51.10832765 -1.65816477
dawn/rear/1418721952170821.jpg 0.27605117 -0.18500203 -0.60583310 -0.72286669 -791.40080644 -53.53937513 2.30052675
dawn/rear/1418721952352670.jpg 0.27849641 -0.18636859 -0.60749671 -0.72017654 -791.16705301 -56.87538249 7.58298408
dawn/rear/1418721952534519.jpg 0.27853411 -0.18970569 -0.60767899 -0.71913611 -791.32596375 -54.40335840 12.86135803
dawn/rear/1418721952716242.jpg 0.27957468 -0.19133870 -0.60538789 -0.72023121 -791.38869642 -53.13800139 17.20928895
dawn/rear/1418721952898091.jpg 0.28222154 -0.18956661 -0.60304353 -0.72163287 -791.07591895 -56.75563233 19.09025066
dawn/rear/1418722044430284.jpg 0.71395080 -0.58729230 0.21924245 0.31192106 782.30372199 63.47170865 -89.17149557
dawn/rear/1418722044793859.jpg 0.71034446 -0.58623993 0.22593970 0.31730860 780.53813115 64.04374221 -102.57667778
dawn/rear/1418722045157455.jpg 0.70494007 -0.58502179 0.23496489 0.32496231 777.51361553 65.50817684 -121.37972987
dawn/rear/1418722045430142.jpg 0.70254164 -0.58069592 0.24366216 0.33144570 774.50734720 64.25731171 -139.02400364
dawn/rear/1418722045793712.jpg 0.69605693 -0.57509456 0.25479845 0.34619178 767.76924114 71.27939068 -168.60548661
dawn/rear/1418722046066423.jpg 0.68949837 -0.56825346 0.26656894 0.36141527 759.48233250 78.01199189 -199.69628104
dawn/rear/1418722046429996.jpg 0.68061957 -0.55785840 0.28414169 0.38054500 746.02016505 83.63898449 -242.30353096
dawn/rear/1418722046702707.jpg 0.67372175 -0.54799407 0.29687961 0.39706926 733.10537539 90.69627583 -275.86421961
night-rain/rear/1418840745103045.jpg 0.30637355 -0.21919455 -0.59527158 -0.70974696 -786.42181396 -56.83406675 74.18697690
night-rain/rear/1418840745228030.jpg 0.30549632 -0.21945159 -0.59506890 -0.71021546 -786.76412908 -55.31814684 74.40152265
night-rain/rear/1418840745353014.jpg 0.30572210 -0.21865841 -0.59492815 -0.71048082 -786.79511437 -56.37426567 74.38835399
night-rain/rear/1418840745602983.jpg 0.30609190 -0.21727920 -0.59686745 -0.70911688 -786.71872734 -59.40742678 74.23080997
night-rain/rear/1418840745727968.jpg 0.30683587 -0.21591260 -0.59671790 -0.70933860 -786.66219419 -61.61748917 73.92714615
night-rain/rear/1418840745977938.jpg 0.30572864 -0.21575797 -0.59656684 -0.70999049 -786.90170152 -60.47013055 73.83321663
night-rain/rear/1418840746102922.jpg 0.30698290 -0.21427436 -0.59684420 -0.70966541 -786.70007716 -63.69222076 73.91569650
night-rain/rear/1418840746352891.jpg 0.30601920 -0.21346487 -0.59985269 -0.70778651 -786.90425904 -65.14500484 73.06519530
night-rain/rear/1418840746477876.jpg 0.30492786 -0.21452622 -0.59919154 -0.70849629 -787.11080349 -62.53367968 73.87306770
night-rain/rear/1418840746727844.jpg 0.30444252 -0.21278452 -0.59785262 -0.71035889 -787.36915624 -62.90398317 72.38027370
night-rain/rear/1418840746852829.jpg 0.30563581 -0.21039665 -0.59712624 -0.71116823 -787.25639728 -66.28882227 71.35408801
night-rain/rear/1418840815469348.jpg 0.71553913 -0.59129286 0.21572842 0.30304744 783.75280990 56.64606607 -73.68143520
night-rain/rear/1418840815719316.jpg 0.71328395 -0.58982328 0.22203828 0.30664882 782.62418954 54.98534733 -84.69751788
night-rain/rear/1418840815969285.jpg 0.71024503 -0.58717118 0.22839987 0.31403105 780.49421403 57.65408754 -100.00948338
night-rain/rear/1418840816219254.jpg 0.70632800 -0.58225703 0.23794695 0.32474413 776.90043998 60.98932109 -123.17012772
night-rain/rear/1418840816469224.jpg 0.70129737 -0.57640524 0.24753081 0.33862590 771.43090646 68.08536713 -149.85505337
night-rain/rear/1418840816719191.jpg 0.69460636 -0.56877896 0.26066070 0.35506126 763.16599691 74.90235810 -183.87574433
night-rain/rear/1418840816969162.jpg 0.68700691 -0.55889981 0.27442850 0.37462181 751.61197842 84.72086129 -222.18192282
night-rain/rear/1418840817219131.jpg 0.67499741 -0.54814779 0.29279003 0.39772666 734.14249141 95.24970974 -269.99662841
night-rain/rear/1418840817469100.jpg 0.65950152 -0.53731299 0.31004959 0.42452532 710.99934263 111.73442202 -319.97400779
snow/rear/1422953675288192.jpg 0.30243884 -0.22434962 -0.59532113 -0.70978218 -787.31240563 -47.32988358 77.28779252
snow/rear/1422953675560946.jpg 0.29969067 -0.21945842 -0.59881884 -0.70953471 -788.05226637 -50.18551228 69.13581810
snow/rear/1422953675742699.jpg 0.29966148 -0.21539499 -0.59889315 -0.71072850 -788.26322637 -53.87728302 64.76084858
snow/rear/1422953675924576.jpg 0.29691118 -0.21342387 -0.60019143 -0.71138193 -788.79689291 -52.88255973 60.02938695
snow/rear/1422953676197329.jpg 0.29584413 -0.20987794 -0.60090286 -0.71228032 -788.84208262 -55.18652057 55.45963786
snow/rear/1422953676379082.jpg 0.29510549 -0.20885461 -0.60307276 -0.71105256 -788.91337981 -56.54875791 54.11315586
snow/rear/1422953676560961.jpg 0.29378904 -0.20917337 -0.60434055 -0.71042734 -789.08592338 -55.46303636 53.90010649
snow/rear/1422953676742712.jpg 0.29292533 -0.20938422 -0.60341052 -0.71151160 -789.27174815 -53.77281442 54.14940571
snow/rear/1422953677015467.jpg 0.29384520 -0.20669664 -0.60135597 -0.71365433 -789.28823412 -56.38329166 53.20577263
snow/rear/1422953677197343.jpg 0.29322560 -0.20586585 -0.60205129 -0.71356307 -789.36670979 -56.91413585 52.35333050
snow/rear/1422953771380459.jpg 0.70976211 -0.58913941 0.23018525 0.31010845 780.99408092 52.83837714 -100.80866643
snow/rear/1422953771653213.jpg 0.70888522 -0.58892678 0.23317858 0.31028173 780.59721875 50.18488592 -103.91073014
snow/rear/1422953771925968.jpg 0.70820124 -0.58705536 0.23578698 0.31340310 779.58433178 50.89183373 -109.83429585
snow/rear/1422953772198721.jpg 0.70600708 -0.58383902 0.24108401 0.32025693 777.34972388 53.67307670 -123.28921894
snow/rear/1422953772471351.jpg 0.70300391 -0.57842502 0.24803427 0.33119330 773.29170514 59.29695871 -143.43603688
snow/rear/1422953772744105.jpg 0.69671443 -0.57172327 0.25989132 0.34666699 766.02264816 66.22580334 -174.66565855
snow/rear/1422953773016858.jpg 0.68793314 -0.56110026 0.27571362 0.36864142 753.47495133 76.96449554 -218.11301537
snow/rear/1422953773289612.jpg 0.67534658 -0.55050658 0.29450722 0.39257483 735.93546811 88.18476117 -267.40895473
snow/rear/1422953773471365.jpg 0.66194392 -0.54144829 0.30898908 0.41616073 716.44082026 103.34642115 -310.56938586
snow/rear/1422953773744117.jpg 0.64249047 -0.52431527 0.33352136 0.44840049 681.90922477 118.70981737 -374.94753100
dusk/rear/1424450664099276.jpg 0.28878669 -0.20552190 -0.60278748 -0.71484981 -789.82327467 -50.68906255 41.89256028
dusk/rear/1424450664190277.jpg 0.28942616 -0.20500122 -0.60347991 -0.71415615 -789.73024228 -52.52149236 42.47927293
dusk/rear/1424450664372028.jpg 0.28986549 -0.20483042 -0.60580773 -0.71205302 -789.56437737 -54.85942946 43.72473611
dusk/rear/1424450664553905.jpg 0.28881266 -0.20574073 -0.60529600 -0.71265332 -789.75280853 -52.60087818 44.82611382
dusk/rear/1424450664735656.jpg 0.28980381 -0.20387190 -0.60398903 -0.71389583 -789.68855988 -54.95267108 44.66158169
dusk/rear/1424450664826533.jpg 0.29063078 -0.20244320 -0.60319089 -0.71464064 -789.62456627 -56.92172696 44.36560253
dusk/rear/1424450665008408.jpg 0.29062175 -0.20066016 -0.60427684 -0.71422965 -789.60797627 -59.32345187 43.10691672
dusk/rear/1424450770918423.jpg 0.72106137 -0.59729641 0.20752229 0.28327019 786.59113132 41.70648832 -42.59834670
dusk/rear/1424450771282050.jpg 0.72059680 -0.59709861 0.20982076 0.28317618 786.56425711 39.28159523 -44.43302613
dusk/rear/1424450771645682.jpg 0.71944475 -0.59620907 0.21225515 0.28614987 786.10647025 40.35792089 -49.72750543
dusk/rear/1424450772009308.jpg 0.71767210 -0.59285938 0.21907932 0.29235039 784.94587714 40.49948281 -64.18367143
dusk/rear/1424450772282061.jpg 0.71503304 -0.58861936 0.22529481 0.30248512 782.87930976 45.97242271 -82.46117402
dusk/rear/1424450772554811.jpg 0.71021828 -0.58399658 0.23445042 0.31554873 779.28122462 52.73357644 -107.66134990
dusk/rear/1424450772918439.jpg 0.70302703 -0.57366759 0.25038770 0.33758629 771.02806365 62.91818427 -151.26268206
dusk/rear/1424450773191192.jpg 0.69309559 -0.56507345 0.26563321 0.36020758 759.81448337 75.82524990 -194.76503991
dusk/rear/1424450773463820.jpg 0.67911026 -0.55444544 0.28625207 0.38659960 742.06548938 88.49769099 -249.15619089
sun/rear/1425997603092452.jpg 0.29142623 -0.20937825 -0.60064236 -0.71446501 -790.27262132 -49.04852629 46.89172559
sun/rear/1425997603274329.jpg 0.29021458 -0.20635649 -0.60208720 -0.71462123 -790.41605149 -51.01183324 42.36914994
sun/rear/1425997603547082.jpg 0.28776075 -0.20248765 -0.60319711 -0.71578331 -790.74890894 -52.02722385 35.94193135
sun/rear/1425997603728835.jpg 0.28721769 -0.20101492 -0.60406995 -0.71568045 -790.78726673 -53.26438316 34.14580603
sun/rear/1425997604001588.jpg 0.28658070 -0.20020365 -0.60560424 -0.71486607 -790.82811808 -54.30420453 33.48592436
sun/rear/1425997604183466.jpg 0.28480827 -0.20108891 -0.60679712 -0.71431418 -790.96378408 -52.04826947 33.40776565
sun/rear/1425997604456093.jpg 0.28405237 -0.20132995 -0.60621222 -0.71504353 -791.11684237 -50.74175542 34.18584149
sun/rear/1425997604637969.jpg 0.28415577 -0.20084945 -0.60447043 -0.71661042 -791.17898161 -50.39568386 34.61403660
sun/rear/1425997604910722.jpg 0.28512585 -0.20052992 -0.60341010 -0.71720795 -791.11734344 -51.56698000 36.62651415
sun/rear/1425997605092475.jpg 0.28467921 -0.20137962 -0.60329491 -0.71724421 -791.17743476 -50.33097273 38.10658018
sun/rear/1425997698093516.jpg 0.70370448 -0.58875886 0.23101082 0.32372365 778.70895581 69.63631590 -117.28685371
sun/rear/1425997698366270.jpg 0.69965152 -0.58606036 0.23810554 0.33215471 775.36670967 73.00042353 -134.69356206
sun/rear/1425997698639025.jpg 0.69468176 -0.58293718 0.24942985 0.33968552 771.17902328 71.28235903 -156.49374829
sun/rear/1425997698911775.jpg 0.69085997 -0.57599826 0.26163046 0.34998286 765.19312141 70.80541775 -182.58818671
sun/rear/1425997699093527.jpg 0.68694814 -0.57200940 0.26846648 0.35893349 760.11857543 74.74733048 -200.57350687
sun/rear/1425997699366282.jpg 0.68054702 -0.56406360 0.28051693 0.37416340 750.19961190 80.83663819 -231.94046328
overcast-summer/rear/1432293877548483.jpg 0.30098505 -0.21921109 -0.59866017 -0.70919708 -787.48632639 -51.86959002 70.29858309
overcast-summer/rear/1432293877730234.jpg 0.30207532 -0.21745459 -0.59863219 -0.70929789 -787.39293658 -55.02476306 70.31123762
overcast-summer/rear/1432293877821111.jpg 0.30217462 -0.21724871 -0.59874118 -0.70922669 -787.39796089 -55.49184401 70.61851659
overcast-summer/rear/1432293878002989.jpg 0.30051456 -0.21689975 -0.59865516 -0.71011091 -787.72952244 -53.77082446 69.37667095
overcast-summer/rear/1432293878184863.jpg 0.29901380 -0.21462234 -0.60033470 -0.71001849 -788.12217413 -55.02516476 65.92594375
overcast-summer/rear/1432293878366618.jpg 0.29636591 -0.21279156 -0.60291023 -0.70949718 -788.60360044 -54.84685791 61.66254189
overcast-summer/rear/1432293878548495.jpg 0.29396641 -0.21119008 -0.60202762 -0.71171992 -789.13594770 -52.80391771 58.13427422
overcast-summer/rear/1432293878730247.jpg 0.29357197 -0.20648971 -0.60121835 -0.71394257 -789.38858963 -56.11737843 52.85276064
overcast-summer/rear/1432293878821122.jpg 0.29288052 -0.20534483 -0.60123747 -0.71454041 -789.52462243 -56.31170443 51.13782491
overcast-summer/rear/1432293879003000.jpg 0.29138377 -0.20343918 -0.60305141 -0.71416875 -789.73645597 -57.27071566 48.11833156
overcast-summer/rear/1432293969185937.jpg 0.71635431 -0.59469236 0.21711978 0.29331979 785.03995403 44.97991526 -64.55910786
overcast-summer/rear/1432293969549565.jpg 0.71441060 -0.59306871 0.22137073 0.29813084 783.97751067 46.53505082 -74.27938940
overcast-summer/rear/1432293969913194.jpg 0.71157835 -0.58888051 0.23012225 0.30646329 781.70268965 47.47809490 -93.67918245
overcast-summer/rear/1432293970276825.jpg 0.70754611 -0.58335624 0.23945146 0.31896238 777.87636751 52.83022495 -118.48345962
overcast-summer/rear/1432293970549578.jpg 0.70246121 -0.57846240 0.24839334 0.33200941 773.00272736 59.78458450 -143.51217038
overcast-summer/rear/1432293970913209.jpg 0.69351226 -0.56749031 0.26587638 0.35539450 761.56620846 70.47340725 -190.75853898
overcast-summer/rear/1432293971276837.jpg 0.68029001 -0.55536880 0.28836695 0.38159599 743.74182383 80.62758083 -247.49602797
overcast-winter/rear/1447411088780187.jpg 0.29680718 -0.21034733 -0.60026827 -0.71227628 -787.97414238 -54.49954215 52.23118235
overcast-winter/rear/1447411088962038.jpg 0.29864025 -0.20857493 -0.60158416 -0.71091983 -787.65908067 -59.43135642 52.98555560
overcast-winter/rear/1447411089143764.jpg 0.29831234 -0.20872769 -0.60301555 -0.70979909 -787.69360659 -60.04972615 53.87007466
overcast-winter/rear/1447411089234751.jpg 0.29792449 -0.20853777 -0.60300912 -0.71002324 -787.76481568 -59.82303635 53.82637123
overcast-winter/rear/1447411089416475.jpg 0.29925909 -0.20747168 -0.60127947 -0.71124011 -787.63358828 -61.69795914 55.11786948
overcast-winter/rear/1447411089598328.jpg 0.29995666 -0.20597573 -0.60153096 -0.71116840 -787.52881233 -64.28217747 55.02040405
overcast-winter/rear/1447411089689190.jpg 0.29917637 -0.20702295 -0.60245332 -0.71041185 -787.60818797 -63.02012871 56.11248043
overcast-winter/rear/1447411089871041.jpg 0.29749202 -0.20903947 -0.60381330 -0.70937331 -787.82318504 -60.08674928 57.94838447
overcast-winter/rear/1447411090052766.jpg 0.29816732 -0.20789481 -0.60301430 -0.71010545 -787.77721833 -61.73529375 58.43418102
overcast-winter/rear/1447411090234616.jpg 0.29914378 -0.20590653 -0.60159995 -0.71147242 -787.69447058 -64.13065567 58.16555688
overcast-winter/rear/1447411192947993.jpg 0.71703766 -0.59295573 0.21454953 0.29703367 785.01018684 51.20290813 -67.42237647
overcast-winter/rear/1447411193493420.jpg 0.71520504 -0.59328808 0.21687612 0.29909154 784.50894910 51.94242069 -71.53906570
overcast-winter/rear/1447411193947861.jpg 0.71234560 -0.59163143 0.22356263 0.30422977 783.06801748 51.82212336 -84.66068876
overcast-winter/rear/1447411194311437.jpg 0.71029642 -0.58789327 0.23133850 0.31039169 781.12774159 51.10788170 -100.55179095
overcast-winter/rear/1447411194675012.jpg 0.70627190 -0.58335195 0.24037159 0.32109500 777.49443145 54.88469768 -122.95585035
overcast-winter/rear/1447411194947726.jpg 0.70251601 -0.57855488 0.24833798 0.33177364 773.33538123 59.61430491 -144.22917824
overcast-winter/rear/1447411195311302.jpg 0.69552121 -0.57135825 0.26090468 0.34889647 765.30872349 67.94007250 -178.14119777
overcast-winter/rear/1447411195584016.jpg 0.68896752 -0.56252089 0.27307554 0.36650205 755.45440350 76.83231328 -212.35022537
overcast-winter/rear/1447411195856726.jpg 0.67768300 -0.55319142 0.29030200 0.38787852 740.12434469 86.34332397 -256.92346047
overcast-winter/rear/1447411196220303.jpg 0.65803609 -0.53852716 0.31452742 0.42195912 710.53338694 104.86842146 -323.55673001
night/rear/1418235655387366.jpg 0.07201909 -0.07081490 -0.62957386 -0.77034749 -745.28247092 65.10617198 -245.01316273
night/rear/1418235655660076.jpg 0.07309583 -0.07141428 -0.63005119 -0.76980030 -745.92181110 63.77174722 -242.28305303
night/rear/1418235655932787.jpg 0.07476797 -0.07132496 -0.63015891 -0.76955978 -746.59147237 61.44250507 -239.65227527
night/rear/1418235693563712.jpg 0.76998458 -0.63076719 0.07057089 0.06539304 733.67315161 -68.41544692 247.96989952
night/rear/1418235693836422.jpg 0.77121382 -0.62916115 0.07079018 0.06613811 734.05065811 -69.26766969 247.85532975
night/rear/1418235694018146.jpg 0.77128156 -0.62894932 0.07068062 0.06746666 734.59028882 -67.99404941 247.46464363
night/rear/1418235694290856.jpg 0.77090045 -0.62929365 0.07032069 0.06897101 735.17658557 -65.96525399 247.69248336
night/rear/1418235694472580.jpg 0.77052628 -0.62962032 0.07053900 0.06994105 735.62845154 -64.93490886 247.35068706
night/rear/1418235694745291.jpg 0.77005260 -0.63000794 0.07022464 0.07195485 736.37723728 -62.26531669 246.97961598
dawn/rear/1418721967986792.jpg 0.09537951 -0.09662427 -0.62797631 -0.76629776 -762.14145394 62.05607448 -197.38304549
dawn/rear/1418721968077653.jpg 0.09304569 -0.09557981 -0.62752729 -0.76708311 -761.08724990 64.14128322 -200.26198504
dawn/rear/1418721968259502.jpg 0.09098077 -0.09175783 -0.62701954 -0.76821188 -759.46274158 63.45796094 -205.67871210
dawn/rear/1418721968532213.jpg 0.08703878 -0.08893115 -0.62759880 -0.76852798 -757.39295032 64.90506074 -211.53034945
dawn/rear/1418721968713936.jpg 0.08558037 -0.08701724 -0.62840154 -0.76825484 -756.34556032 64.14103390 -214.37417222
dawn/rear/1418721968895786.jpg 0.08513225 -0.08381229 -0.62906478 -0.76811815 -755.30425070 61.13753868 -217.66462389
dawn/rear/1418721969077509.jpg 0.08468914 -0.08244847 -0.62895926 -0.76840110 -754.81353826 60.34102378 -218.61024598
dawn/rear/1418721969259358.jpg 0.08350150 -0.08210664 -0.62905683 -0.76848780 -754.30645108 61.18646348 -219.27241091
dawn/rear/1418721969441082.jpg 0.08290507 -0.08204420 -0.62901570 -0.76859271 -754.09904027 61.67276639 -218.96277778
dawn/rear/1418721969622929.jpg 0.08329616 -0.08060552 -0.62978627 -0.76807145 -753.86927272 59.17653654 -219.42704538
dawn/rear/1418721969804653.jpg 0.08318954 -0.08064428 -0.63083556 -0.76721737 -753.85323706 58.21279624 -218.65325984
night-rain/rear/1418840761601006.jpg 0.08980117 -0.09108101 -0.62808459 -0.76756091 -758.58700371 63.59614443 -209.01481527
night-rain/rear/1418840761725990.jpg 0.08999167 -0.08937561 -0.62732567 -0.76835929 -758.24520017 62.34004643 -209.96995767
night-rain/rear/1418840761850975.jpg 0.09042400 -0.08820998 -0.62712957 -0.76860328 -758.11374059 60.83444973 -210.15994880
night-rain/rear/1418840762100944.jpg 0.08913753 -0.08781515 -0.62734839 -0.76862019 -757.51606482 61.53042532 -210.36983165
night-rain/rear/1418840762225929.jpg 0.08921883 -0.08683605 -0.62796775 -0.76821612 -757.30922994 59.76548714 -210.78372916
night-rain/rear/1418840762350914.jpg 0.08974408 -0.08572631 -0.62848628 -0.76785546 -757.24069953 57.63789444 -210.95141406
night-rain/rear/1418840762475897.jpg 0.09016513 -0.08507203 -0.62927200 -0.76723513 -757.24418650 55.79311882 -210.60732377
night-rain/rear/1418840762725867.jpg 0.08995277 -0.08526429 -0.62945770 -0.76708637 -757.25047865 55.79574666 -209.24769501
night-rain/rear/1418840762850851.jpg 0.09014294 -0.08533024 -0.62904273 -0.76739706 -757.34232677 55.81261514 -208.19849698
night-rain/rear/1418840762975836.jpg 0.09102610 -0.08481008 -0.62933238 -0.76711293 -757.50583527 53.93328054 -207.15245347
snow/rear/1422953693561204.jpg 0.08677413 -0.08827939 -0.62975650 -0.76686619 -756.59016115 62.96290024 -214.98588697
snow/rear/1422953693652082.jpg 0.08642627 -0.08776674 -0.63003690 -0.76673398 -756.34383865 62.60251467 -215.43209635
snow/rear/1422953693833835.jpg 0.08609297 -0.08642627 -0.63045460 -0.76658039 -755.90474998 61.31298415 -216.42958738
snow/rear/1422953694106585.jpg 0.08575255 -0.08609588 -0.63145942 -0.76582831 -755.60119451 60.25824590 -215.94611316
snow/rear/1422953694288464.jpg 0.08603197 -0.08547807 -0.63157977 -0.76576694 -755.56993574 59.11743020 -215.46067202
snow/rear/1422953694470219.jpg 0.08596220 -0.08553946 -0.63246779 -0.76503464 -755.59664179 58.37381734 -214.66602537
snow/rear/1422953694652096.jpg 0.08594184 -0.08550439 -0.63278630 -0.76477742 -755.60877920 57.93122662 -213.77915760
snow/rear/1422953694833850.jpg 0.08649277 -0.08507350 -0.63283726 -0.76472119 -755.72063840 56.69478112 -212.81038681
snow/rear/1422953695015726.jpg 0.08680006 -0.08401637 -0.63292239 -0.76473280 -755.55245504 55.17249868 -212.80582179
snow/rear/1422953695197605.jpg 0.08614378 -0.08376604 -0.63409010 -0.76386664 -755.22003962 54.59364646 -212.97911881
snow/rear/1422953695379355.jpg 0.08466552 -0.08414719 -0.63495059 -0.76327502 -754.82480078 55.79947196 -213.18348457
dusk/rear/1424450681826673.jpg 0.08356584 -0.09727667 -0.62939157 -0.76643346 -758.08625561 75.04043600 -207.39402927
dusk/rear/1424450682008553.jpg 0.07919122 -0.09172922 -0.62921876 -0.76772277 -755.08853665 75.20325038 -216.82285407
dusk/rear/1424450682190428.jpg 0.07348469 -0.08856071 -0.63047403 -0.76763240 -752.07405484 77.84184673 -225.10437516
dusk/rear/1424450682281304.jpg 0.07217167 -0.08649422 -0.63195550 -0.76677392 -751.04900256 76.24763718 -228.37219227
dusk/rear/1424450682463055.jpg 0.07035979 -0.08091044 -0.63247174 -0.76712613 -748.84653949 72.81319595 -235.43684017
dusk/rear/1424450682644932.jpg 0.06859118 -0.07725445 -0.63258418 -0.76757036 -747.11109888 71.34470373 -240.20869735
dusk/rear/1424450682826683.jpg 0.06499231 -0.07682122 -0.63222939 -0.76821904 -745.50024722 75.14557683 -242.91354501
dusk/rear/1424450682917685.jpg 0.06474373 -0.07543043 -0.63254229 -0.76812027 -745.01933888 73.85747882 -244.28195377
dusk/rear/1424450683099435.jpg 0.06475724 -0.07280110 -0.63446355 -0.76678713 -744.27430959 69.73137407 -246.31249415
sun/rear/1425997625547329.jpg 0.12152777 -0.12433222 -0.62558493 -0.76053665 -776.61681420 56.27098828 -136.09236746
sun/rear/1425997625910958.jpg 0.10751744 -0.11418625 -0.62732129 -0.76280371 -771.02387292 62.70522200 -161.35676432
sun/rear/1425997626183711.jpg 0.09593618 -0.10549763 -0.62787996 -0.76513610 -765.58462887 68.26737812 -182.22339593
sun/rear/1425997626456339.jpg 0.08337716 -0.09387092 -0.62911625 -0.76710446 -758.62568818 71.70869892 -207.28782878
sun/rear/1425997626729093.jpg 0.06894019 -0.08340713 -0.62967114 -0.76928847 -750.33761000 78.68730520 -232.37856707
sun/rear/1425997626910969.jpg 0.05952100 -0.07721561 -0.63035486 -0.77016086 -744.63936214 83.39132276 -247.87113802
sun/rear/1425997627183723.jpg 0.05220632 -0.06917731 -0.63106616 -0.77087256 -738.93333794 83.93168273 -262.91356506
sun/rear/1425997627365475.jpg 0.05012484 -0.06509992 -0.63169969 -0.77084694 -736.74114466 82.04276203 -268.80032024
sun/rear/1425997627547352.jpg 0.04552472 -0.06384356 -0.63205617 -0.77094520 -734.18841664 85.64345093 -273.65645072
sun/rear/1425997627819980.jpg 0.04373500 -0.06082146 -0.63302942 -0.77049448 -732.40557990 83.94191331 -277.66152750
overcast-summer/rear/1432293893912297.jpg 0.08160729 -0.09520635 -0.62981366 -0.76655773 -756.47204778 74.99206808 -212.75687270
overcast-summer/rear/1432293894094051.jpg 0.07545860 -0.08639444 -0.62956691 -0.76843184 -751.93975606 74.54914248 -227.73558737
overcast-summer/rear/1432293894185052.jpg 0.07123552 -0.08210359 -0.62995039 -0.76899090 -749.08931575 75.26577640 -236.20691909
overcast-summer/rear/1432293894366805.jpg 0.06468385 -0.07690904 -0.63113667 -0.76913425 -744.90440050 77.08828467 -247.57111700
overcast-summer/rear/1432293894548677.jpg 0.06449419 -0.07035624 -0.63230570 -0.76881727 -742.84021407 70.45011969 -254.35552499
overcast-summer/rear/1432293894730433.jpg 0.06305950 -0.06836300 -0.63260928 -0.76886637 -741.64032341 69.88635811 -256.98649631
overcast-summer/rear/1432293894912311.jpg 0.06080090 -0.06780671 -0.63308116 -0.76870915 -740.51520070 71.38626781 -258.84423818
overcast-summer/rear/1432293895094062.jpg 0.06036969 -0.06631365 -0.63306951 -0.76888296 -739.90110724 70.37860753 -259.90294021
overcast-summer/rear/1432293895185063.jpg 0.06095285 -0.06500192 -0.63354696 -0.76855563 -739.90470904 68.14769854 -260.36141976
overcast-summer/rear/1432293895366815.jpg 0.06120662 -0.06390423 -0.63449803 -0.76784259 -739.67778252 65.90784858 -260.49202893
rain/rear/1416907775699271.jpg 0.40777230 -0.36447462 0.51788585 0.65777979 199.07044356 145.03178542 -654.46040460
rain/rear/1416907775790132.jpg 0.40814887 -0.36398901 0.51890124 0.65701446 199.02139107 143.41309170 -653.84523407
rain/rear/1416907775881118.jpg 0.40732327 -0.36364921 0.51931854 0.65738516 197.69221833 143.09685417 -653.50015961
rain/rear/1416907775971980.jpg 0.40679264 -0.36265169 0.52093978 0.65698193 196.03207308 141.13025815 -653.38956497
rain/rear/1416907776062842.jpg 0.40637698 -0.36194164 0.52186516 0.65689630 194.81237723 140.15849189 -653.00932095
rain/rear/1416907776153704.jpg 0.40594519 -0.36142288 0.52206369 0.65729103 193.78635434 140.21916669 -652.45534483
rain/rear/1416907776244690.jpg 0.40561466 -0.36047087 0.52259951 0.65759201 192.39057408 140.00165991 -652.08270263
night/rear/1418235771734146.jpg 0.42147835 -0.33958578 0.53640563 0.64753880 188.96295645 129.02458632 -659.19638826
night/rear/1418235771825133.jpg 0.42114695 -0.34004816 0.53708728 0.64694648 189.04364679 127.49535164 -658.77133228
night/rear/1418235772006856.jpg 0.42074785 -0.34063360 0.53761534 0.64645940 189.11065685 125.99172659 -657.32558821
night/rear/1418235772097719.jpg 0.42037483 -0.34115319 0.53727553 0.64671052 189.18167722 126.12993114 -656.48859513
dawn/rear/1418722061882399.jpg 0.41950596 -0.34363971 0.53278959 0.64966280 190.88962422 133.09996543 -660.59073460
dawn/rear/1418722061973261.jpg 0.41878276 -0.34323097 0.53139063 0.65148868 189.65379966 135.95229156 -659.79399359
dawn/rear/1418722062154987.jpg 0.41954499 -0.34336715 0.53310693 0.64952136 190.69193752 132.38131477 -658.74370268
dawn/rear/1418722062245972.jpg 0.41898001 -0.34384771 0.53363681 0.64919662 190.45405927 131.13123373 -658.26048524
dawn/rear/1418722062427696.jpg 0.41836079 -0.34500616 0.53399602 0.64868579 190.86686506 129.53532399 -657.01436516
dawn/rear/1418722062518682.jpg 0.41861378 -0.34448077 0.53445627 0.64842270 190.64300923 128.97399807 -656.25667909
dawn/rear/1418722062609544.jpg 0.41873112 -0.34455805 0.53417577 0.64853701 190.87596834 129.23344560 -655.58304058
night-rain/rear/1418840830592478.jpg 0.41933161 -0.34828867 0.53167659 0.64820984 195.75840646 130.46145133 -654.81277495
snow/rear/1422953790289860.jpg 0.41640965 -0.34640944 0.53697207 0.64673372 190.35454104 124.00993612 -657.50975420
snow/rear/1422953790380737.jpg 0.41652131 -0.34664607 0.53680537 0.64667341 190.73602036 123.95341477 -656.77516961
snow/rear/1422953790562612.jpg 0.41633940 -0.34739531 0.53571308 0.64729398 191.25590986 125.03832160 -655.19933690
snow/rear/1422953790653490.jpg 0.41625053 -0.34751187 0.53557306 0.64740443 191.29242572 125.09441503 -654.45558571
snow/rear/1422953790835243.jpg 0.41630187 -0.34784012 0.53498949 0.64767758 191.65332889 125.53325734 -652.85419455
snow/rear/1422953791017121.jpg 0.41590955 -0.34834789 0.53463282 0.64795119 191.68967400 125.62974206 -651.50449887
dusk/rear/1424450786100301.jpg 0.42365582 -0.34182269 0.53603894 0.64524046 193.98957031 127.37063672 -659.85646864
dusk/rear/1424450786282177.jpg 0.42413323 -0.34259305 0.53777737 0.64306804 195.28916830 123.27976824 -658.55967974
dusk/rear/1424450786373053.jpg 0.42393750 -0.34326083 0.53839019 0.64232780 195.74391329 121.64756371 -658.00177537
dusk/rear/1424450786463929.jpg 0.42363162 -0.34419943 0.53863508 0.64182182 196.28216148 120.40077781 -657.15046371
dusk/rear/1424450786554929.jpg 0.42369093 -0.34432615 0.53884599 0.64153761 196.47951321 119.82434895 -656.33823042
dusk/rear/1424450786736681.jpg 0.42344598 -0.34504058 0.53719875 0.64269588 196.92795060 121.88068348 -654.35896956
sun/rear/1425997712457305.jpg 0.42060581 -0.34706880 0.53347891 0.64655568 195.99305110 129.25459571 -662.58384251
sun/rear/1425997712548304.jpg 0.42074695 -0.34646573 0.53440528 0.64602206 195.56315870 127.94320617 -661.99058086
sun/rear/1425997712730057.jpg 0.42016693 -0.34741078 0.53506004 0.64534971 195.77186265 125.95476293 -660.62540046
sun/rear/1425997712820933.jpg 0.41959028 -0.34686957 0.53368671 0.64715068 194.57462308 128.82524150 -659.69615496
sun/rear/1425997712911934.jpg 0.41963615 -0.34643975 0.53401030 0.64708423 194.17632026 128.40402251 -658.82212869
sun/rear/1425997713002810.jpg 0.42040100 -0.34647727 0.53565194 0.64520811 195.10984215 125.16667686 -658.41676730
sun/rear/1425997713093686.jpg 0.41987260 -0.34692506 0.53635995 0.64472320 194.92871024 123.62450262 -657.77754162
sun/rear/1425997713184688.jpg 0.41945977 -0.34748525 0.53643266 0.64462974 195.00408442 123.23395245 -657.17303368
overcast-summer/rear/1432293986640644.jpg 0.41842443 -0.34565951 0.53667914 0.64607739 191.83212853 125.27698412 -662.22810341
overcast-summer/rear/1432293986731522.jpg 0.41845221 -0.34538565 0.53496565 0.64762508 191.66640225 128.28938742 -660.96280929
overcast-summer/rear/1432293986913399.jpg 0.41924933 -0.34569640 0.53504533 0.64687750 192.95087917 127.32291192 -659.25827851
overcast-summer/rear/1432293987004274.jpg 0.42022137 -0.34611125 0.53640190 0.64489844 194.53683015 124.21808569 -658.79087627
overcast-summer/rear/1432293987095151.jpg 0.42038732 -0.34646140 0.53702840 0.64408035 195.00603021 122.65886926 -658.18828792
overcast-summer/rear/1432293987277029.jpg 0.41996905 -0.34762120 0.53680816 0.64391187 195.71491481 122.04756654 -656.55602360
overcast-summer/rear/1432293987367904.jpg 0.41978060 -0.34764314 0.53669614 0.64411626 195.52056889 122.16346540 -655.89946808
overcast-winter/rear/1447411210309277.jpg 0.41910828 -0.35921268 0.52539818 0.64751158 207.03577944 133.05336559 -655.22724360
overcast-winter/rear/1447411210400138.jpg 0.41826188 -0.35913786 0.52552878 0.64799421 205.91758224 133.04538726 -654.81410187
overcast-winter/rear/1447411210491128.jpg 0.41840411 -0.35894150 0.52708016 0.64674995 205.88004555 130.37102816 -654.54871770
overcast-winter/rear/1447411210672851.jpg 0.41684110 -0.35878266 0.52803882 0.64706530 203.82043749 129.14271288 -653.89405173
overcast-winter/rear/1447411210763715.jpg 0.41678262 -0.35778869 0.52840113 0.64735751 202.73474915 129.26549863 -653.39233200
overcast-winter/rear/1447411210854703.jpg 0.41634121 -0.35770798 0.52829159 0.64777542 202.11885777 129.52446959 -652.75853273
overcast-winter/rear/1447411210945564.jpg 0.41595312 -0.35794273 0.52845151 0.64776462 201.89859445 129.05430872 -652.14221130
overcast-winter/rear/1447411211127290.jpg 0.41525986 -0.35811625 0.52860217 0.64799055 201.09056468 128.70886246 -650.96892923
overcast-winter/rear/1447411211218279.jpg 0.41535798 -0.35765451 0.52854068 0.64823279 200.71690148 129.00420020 -650.31948267
rain/rear/1416907785788674.jpg 0.40888843 -0.37766950 0.51277164 0.65363694 210.75672460 123.54740646 -552.70983928
rain/rear/1416907785879660.jpg 0.40530883 -0.37539346 0.51281893 0.65713108 204.98844109 125.97242094 -553.57177221
rain/rear/1416907785970523.jpg 0.40322977 -0.37302647 0.51398419 0.65884539 200.75042256 126.24632047 -553.97732304
rain/rear/1416907786061385.jpg 0.40204260 -0.37257583 0.51574582 0.65844912 199.21658104 124.18950315 -554.22459321
rain/rear/1416907786152248.jpg 0.39977900 -0.37039405 0.51719121 0.65992291 195.00298141 124.00000048 -554.76657203
rain/rear/1416907786334094.jpg 0.39687876 -0.36665958 0.51941530 0.66200887 188.77009651 123.68087218 -555.19013122
rain/rear/1416907786424958.jpg 0.39570791 -0.36503733 0.52037847 0.66284934 186.16337044 123.49068896 -555.22220308
rain/rear/1416907786515943.jpg 0.39410151 -0.36312877 0.52185630 0.66369232 182.90153803 122.84661399 -555.44068104
rain/rear/1416907786606806.jpg 0.39280657 -0.36202624 0.52301434 0.66415059 180.61494440 122.06535968 -555.55547164
night/rear/1418235783096127.jpg 0.41872754 -0.35452257 0.52931914 0.64714933 199.70763098 111.48236923 -559.40952528
night/rear/1418235783277975.jpg 0.41812887 -0.35326300 0.52996769 0.64769418 197.98746792 111.31004208 -558.63516926
night/rear/1418235783368837.jpg 0.41856809 -0.35280979 0.53030628 0.64738030 198.06228161 110.79809008 -557.89157517
night/rear/1418235783459697.jpg 0.41938586 -0.35446227 0.53022401 0.64601432 200.37512589 109.34618234 -556.46175622
night/rear/1418235783550686.jpg 0.41963317 -0.35439808 0.53008207 0.64600542 200.60472583 109.34819705 -555.47141543
night/rear/1418235783732410.jpg 0.42007499 -0.35396469 0.52984196 0.64615285 200.66571821 109.48822012 -553.70989923
night/rear/1418235783823396.jpg 0.41977822 -0.35428061 0.52949481 0.64645708 200.63758355 109.77822745 -553.03327745
night/rear/1418235783914258.jpg 0.41961411 -0.35465970 0.53022212 0.64575924 200.80004941 108.32344487 -552.27789537
night/rear/1418235784005120.jpg 0.42074369 -0.35349505 0.53212475 0.64409568 201.01157714 105.76228330 -551.97872698
dawn/rear/1418722073971536.jpg 0.41332554 -0.35889971 0.52456029 0.65206556 198.18178453 117.72838429 -560.22818483
dawn/rear/1418722074062400.jpg 0.41344075 -0.35900383 0.52502595 0.65156024 198.39995185 116.78162597 -559.60290126
dawn/rear/1418722074244247.jpg 0.41289072 -0.35756852 0.52582578 0.65205310 196.58229347 116.48865087 -558.95575896
dawn/rear/1418722074335109.jpg 0.41327352 -0.35693487 0.52641903 0.65167899 196.40958833 115.76300538 -558.49625424
dawn/rear/1418722074516958.jpg 0.41464563 -0.35752203 0.52711194 0.64992307 198.37909213 113.56790652 -556.67898743
dawn/rear/1418722074607820.jpg 0.41459589 -0.35746224 0.52689871 0.65016056 198.23352838 113.75243382 -555.85180258
dawn/rear/1418722074698681.jpg 0.41413585 -0.35822409 0.52518806 0.65141730 198.44094269 115.94787912 -554.60390583
dawn/rear/1418722074880531.jpg 0.41498584 -0.35770064 0.52579155 0.65067676 198.87193807 114.81658761 -553.16205069
dawn/rear/1418722074971393.jpg 0.41457750 -0.35816965 0.52586976 0.65061586 198.85104486 114.37918736 -552.49319385
night-rain/rear/1418840841591120.jpg 0.41862961 -0.35856136 0.52533061 0.64823665 203.43618281 114.53896446 -556.42833654
night-rain/rear/1418840841716104.jpg 0.41899463 -0.35807122 0.52546456 0.64816317 203.37192062 114.29346715 -555.20706628
night-rain/rear/1418840841841088.jpg 0.41975826 -0.35934246 0.52567908 0.64679015 205.29211199 112.66432345 -553.82275916
night-rain/rear/1418840841966073.jpg 0.41914884 -0.36007256 0.52382464 0.64828215 205.27613396 114.94667488 -552.33015565
night-rain/rear/1418840842091058.jpg 0.41934532 -0.35972559 0.52430859 0.64795640 205.18771831 114.30969735 -551.40057389
night-rain/rear/1418840842216042.jpg 0.41836557 -0.36068373 0.52448665 0.64791300 205.01119423 113.55077484 -550.41600606
night-rain/rear/1418840842341027.jpg 0.41833121 -0.36024991 0.52596007 0.64698145 204.58608614 111.48745300 -549.96046561
night-rain/rear/1418840842466011.jpg 0.41770953 -0.36086597 0.52553901 0.64738184 204.48388617 111.74134286 -548.91458770
snow/rear/1422953804380940.jpg 0.41511294 -0.35843654 0.52908813 0.64751081 199.70230897 109.78023023 -555.33253969
snow/rear/1422953804562820.jpg 0.41577247 -0.35790327 0.53010211 0.64655259 199.90560211 108.17340057 -554.25144977
snow/rear/1422953804653696.jpg 0.41571144 -0.35777227 0.53013159 0.64664016 199.72641387 108.14090380 -553.72560793
snow/rear/1422953804835448.jpg 0.41467186 -0.35833748 0.53133629 0.64600561 199.13044160 106.11702415 -553.01143625
snow/rear/1422953805017325.jpg 0.41465859 -0.35853835 0.53051508 0.64657733 199.32827112 106.91614052 -551.58532925
snow/rear/1422953805108200.jpg 0.41483762 -0.35826561 0.53057869 0.64656148 199.28299878 106.87015203 -551.15152963
snow/rear/1422953805290078.jpg 0.41519754 -0.35829457 0.53092184 0.64603251 199.65511442 106.01962957 -550.03649818
snow/rear/1422953805471833.jpg 0.41521561 -0.35837132 0.53120194 0.64574802 199.73474124 105.32658717 -548.77369013
snow/rear/1422953805562832.jpg 0.41484515 -0.35892896 0.53073911 0.64605689 199.82822910 105.66183197 -548.04205117
dusk/rear/1424450797100393.jpg 0.42550793 -0.36027975 0.52722813 0.64122695 211.83877518 108.36215553 -556.16374640
dusk/rear/1424450797191397.jpg 0.42548766 -0.36047850 0.52792921 0.64055152 211.99381251 107.01949973 -555.44941365
dusk/rear/1424450797282271.jpg 0.42455064 -0.35946523 0.52799313 0.64168898 210.14944310 107.83789943 -555.19681959
dusk/rear/1424450797373146.jpg 0.42506352 -0.35878336 0.52887002 0.64100858 210.09668952 106.62775507 -554.53182421
dusk/rear/1424450797464021.jpg 0.42583213 -0.35997569 0.52921498 0.63954359 211.95383541 104.81951798 -553.15309079
dusk/rear/1424450797645899.jpg 0.42553995 -0.35956258 0.52804095 0.64093935 211.27918921 106.60794604 -551.19689601
dusk/rear/1424450797736774.jpg 0.42530724 -0.35957232 0.52774497 0.64133201 211.04229436 106.95755657 -550.29762748
dusk/rear/1424450797827650.jpg 0.42435039 -0.36026900 0.52758293 0.64170807 210.67500871 106.91005873 -549.40057412
dusk/rear/1424450797918650.jpg 0.42431946 -0.35989235 0.52909971 0.64069025 210.30425182 104.76404930 -549.11252950
dusk/rear/1424450798009527.jpg 0.42371158 -0.36004236 0.53021977 0.64008203 209.83703765 103.05530746 -548.55843449
sun/rear/1425997723002921.jpg 0.41942163 -0.37843626 0.51493301 0.64476003 222.35126561 116.92312162 -552.51138338
sun/rear/1425997723093796.jpg 0.41967755 -0.37758211 0.51461709 0.64534622 221.82614240 117.67288298 -551.46912032
sun/rear/1425997723184797.jpg 0.41872604 -0.37846862 0.51508106 0.64507480 221.63705400 116.60654264 -551.05170499
sun/rear/1425997723275676.jpg 0.41734758 -0.37993947 0.51592102 0.64443192 221.51899630 114.67193332 -550.40295331
sun/rear/1425997723366551.jpg 0.41582839 -0.37928980 0.51512013 0.64643426 219.34381088 116.74673824 -550.26955291
sun/rear/1425997723457428.jpg 0.41584492 -0.37879876 0.51500922 0.64679981 218.90308325 117.03157693 -549.28314060
sun/rear/1425997723548429.jpg 0.41652671 -0.37941139 0.51567432 0.64547076 220.19428298 115.22406184 -548.16018291
sun/rear/1425997723730180.jpg 0.41525203 -0.37924102 0.51575503 0.64632712 218.70334288 115.33866644 -546.90367175
sun/rear/1425997723821056.jpg 0.41481080 -0.37934351 0.51567916 0.64661078 218.32399510 115.37463594 -546.14498842
sun/rear/1425997723912057.jpg 0.41432656 -0.37896570 0.51601890 0.64687170 217.51512400 115.12887255 -545.49961099
overcast-summer/rear/1432293999368048.jpg 0.41583921 -0.36244344 0.52531538 0.64788599 204.16630839 113.52978555 -559.43467600
overcast-summer/rear/1432293999549925.jpg 0.41557370 -0.36250862 0.52654582 0.64702048 203.97865919 111.46551370 -558.37526131
overcast-summer/rear/1432293999640800.jpg 0.41542087 -0.36278161 0.52737747 0.64628786 204.05436990 109.96133484 -557.95527093
overcast-summer/rear/1432293999731677.jpg 0.41473666 -0.36118693 0.52705076 0.64788502 201.94906743 111.65465791 -557.76377803
overcast-summer/rear/1432293999913554.jpg 0.41604868 -0.36178101 0.52830294 0.64568878 203.89004805 108.64361224 -556.03607218
overcast-summer/rear/1432294000004431.jpg 0.41613189 -0.36163759 0.52827715 0.64573659 203.82917738 108.60783931 -555.37429204
overcast-summer/rear/1432294000095306.jpg 0.41609524 -0.36221092 0.52721367 0.64630778 204.30282270 109.66485083 -554.13295400
overcast-summer/rear/1432294000277184.jpg 0.41759370 -0.36240033 0.52705313 0.64536540 205.99954950 108.92979324 -552.00720805
overcast-summer/rear/1432294000368060.jpg 0.41794497 -0.36293801 0.52731158 0.64462431 206.86456826 107.92032895 -551.01836212
overcast-summer/rear/1432294000458936.jpg 0.41735177 -0.36406455 0.52732722 0.64436054 207.21421694 107.22114639 -550.33361837
overcast-winter/rear/1447411221762229.jpg 0.41435462 -0.35180357 0.53426047 0.64738725 192.92238910 107.42013154 -561.75853098
overcast-winter/rear/1447411221853219.jpg 0.41525293 -0.35172859 0.53488270 0.64633776 193.77362826 106.06788897 -560.86604495
overcast-winter/rear/1447411221944081.jpg 0.41641656 -0.35361384 0.53494135 0.64450931 196.68427364 104.14909553 -559.30066395
overcast-winter/rear/1447411222125807.jpg 0.41692865 -0.35416239 0.53359488 0.64499302 197.69540345 105.32936073 -557.20549692
overcast-winter/rear/1447411222216795.jpg 0.41749072 -0.35367570 0.53324713 0.64518408 197.83302747 105.83716004 -556.38862543
overcast-winter/rear/1447411222307653.jpg 0.41788455 -0.35364530 0.53331135 0.64489263 198.21641448 105.45200334 -555.40140139
overcast-winter/rear/1447411222489507.jpg 0.41763680 -0.35455818 0.53372840 0.64420649 198.76375535 104.04389807 -553.97007107
overcast-winter/rear/1447411222580370.jpg 0.41876604 -0.35334756 0.53554365 0.64263014 198.92663194 101.65297146 -553.68481951
overcast-winter/rear/1447411222762094.jpg 0.41834167 -0.35421286 0.53504042 0.64284932 199.21947837 101.71267282 -552.17275314
rain/rear/1416907884865256.jpg 0.32310370 -0.29627859 0.56363020 0.70010285 20.14306114 66.29640688 -333.26104890
rain/rear/1416907884956117.jpg 0.32103349 -0.29042555 0.56727374 0.70056477 16.10190271 65.37349325 -332.92582282
rain/rear/1416907885137842.jpg 0.31537716 -0.28293771 0.56947278 0.70440347 9.23276329 66.05951237 -331.84758489
rain/rear/1416907885228829.jpg 0.31248040 -0.27960866 0.57016796 0.70645842 5.93529192 66.57250093 -331.22204294
rain/rear/1416907885410551.jpg 0.30294348 -0.27208960 0.56951975 0.71403064 -3.04474212 69.18729936 -329.18767999
rain/rear/1416907885501538.jpg 0.29883064 -0.26986432 0.57285666 0.71393890 -6.39140404 67.16124470 -328.96254104
rain/rear/1416907885683263.jpg 0.28893382 -0.26541807 0.58224587 0.71208163 -13.93027923 60.93096690 -328.56827323
rain/rear/1416907885774124.jpg 0.28347178 -0.26291966 0.58311212 0.71449090 -18.10370749 60.74280382 -327.64806148
night/rear/1418235913986315.jpg 0.33265109 -0.30152902 0.56093739 0.69553774 28.15509313 66.47229953 -333.16096738
night/rear/1418235914077178.jpg 0.33043948 -0.29829893 0.56219681 0.69696646 25.36226579 66.53752693 -332.64740175
night/rear/1418235914259025.jpg 0.32791081 -0.29263373 0.56579060 0.69765393 21.17342251 65.65234933 -331.93694435
night/rear/1418235914349887.jpg 0.32522069 -0.28943998 0.56631881 0.69981355 18.05470220 66.26176659 -331.27388228
night/rear/1418235914531737.jpg 0.31712695 -0.28530510 0.56465963 0.70653450 11.34454036 68.80481477 -329.66495917
night/rear/1418235914622598.jpg 0.31287897 -0.28366926 0.56483515 0.70894270 8.19544944 69.08011063 -329.11357460
night/rear/1418235914804447.jpg 0.30415826 -0.27909810 0.57481801 0.70652406 1.21336838 62.60147430 -329.16494004
night/rear/1418235914895309.jpg 0.29847906 -0.27773684 0.57948274 0.70567149 -2.56322372 59.20913254 -329.04738215
night/rear/1418235915077033.jpg 0.28927539 -0.27352742 0.57773588 0.71254737 -9.68089426 61.46714542 -327.24380122
dawn/rear/1418722173502748.jpg 0.34249015 -0.30864948 0.55199230 0.69479529 37.32139844 71.27751451 -333.84091177
dawn/rear/1418722173593610.jpg 0.33938695 -0.30623357 0.55367364 0.69604813 34.32810305 70.83699899 -333.73414708
dawn/rear/1418722173775334.jpg 0.33196235 -0.30224659 0.55796371 0.69794305 28.17388939 68.75001640 -333.57204557
dawn/rear/1418722173957183.jpg 0.32429500 -0.29489702 0.56358562 0.70017123 20.23047467 66.79303876 -333.17511424
dawn/rear/1418722174138907.jpg 0.32071989 -0.28668319 0.56840105 0.70133569 14.19573258 65.74099686 -332.63543960
dawn/rear/1418722174229894.jpg 0.31817684 -0.28359743 0.56968676 0.70270406 11.23142550 65.72381310 -332.22886034
dawn/rear/1418722174411618.jpg 0.31171301 -0.27771568 0.57028458 0.70744929 4.63632958 67.08282461 -330.92627121
dawn/rear/1418722174593467.jpg 0.30267392 -0.27240136 0.57077491 0.71302314 -2.98666167 68.12244877 -329.47686180
dawn/rear/1418722174684329.jpg 0.29796434 -0.26914912 0.57546698 0.71247017 -7.14882566 65.37694205 -329.29807766
night-rain/rear/1418840908957797.jpg 0.31903017 -0.30738697 0.55665362 0.70275867 23.67018955 68.10982485 -333.49425446
night-rain/rear/1418840909082780.jpg 0.31326586 -0.30346499 0.56046989 0.70402202 18.53883109 66.30673647 -333.21667876
night-rain/rear/1418840909207766.jpg 0.30998347 -0.29670398 0.56435295 0.70525368 13.34977837 65.42561505 -332.74309061
night-rain/rear/1418840909332750.jpg 0.30668102 -0.29154888 0.56619674 0.70736642 8.96033483 65.58681475 -332.01749633
night-rain/rear/1418840909457733.jpg 0.30044509 -0.28696472 0.56614552 0.71194329 3.11544245 66.87971360 -330.73823670
night-rain/rear/1418840909582717.jpg 0.29462094 -0.28235439 0.56585025 0.71644120 -2.36019457 68.28801755 -329.42571903
night-rain/rear/1418840909707702.jpg 0.28952547 -0.27744008 0.57194668 0.71559695 -7.48521142 64.91724724 -329.05634168
night-rain/rear/1418840909832687.jpg 0.28175699 -0.27515904 0.57924477 0.71370582 -12.73607543 59.59799549 -328.91308544
night-rain/rear/1418840909957672.jpg 0.27360556 -0.27099446 0.58067073 0.71730293 -19.16934466 59.26229671 -327.52594605
snow/rear/1422953889382191.jpg 0.29589060 -0.27668800 0.57354272 0.71199807 -4.40878121 64.68169134 -331.16695252
snow/rear/1422953889564068.jpg 0.29167748 -0.27190118 0.57536445 0.71410766 -8.99677321 64.58590818 -330.14216166
snow/rear/1422953889745821.jpg 0.28916302 -0.26660223 0.58333331 0.71065480 -12.86181279 60.02239393 -329.98415923
snow/rear/1422953889927698.jpg 0.28288646 -0.26353036 0.58796535 0.71050950 -17.73549799 57.11462050 -329.38210816
snow/rear/1422953890200453.jpg 0.27328831 -0.26054078 0.58562061 0.71727296 -24.39062470 59.12845439 -327.18439215
snow/rear/1422953890382205.jpg 0.27215575 -0.25470718 0.58704450 0.71863360 -27.75985993 59.80017064 -325.97382612
snow/rear/1422953890564083.jpg 0.26848138 -0.25050399 0.58907831 0.71982793 -31.69095619 59.28953985 -324.81531590
dusk/rear/1424450861010064.jpg 0.32962517 -0.30135154 0.56116553 0.69686997 26.59613113 66.72028418 -334.43692417
dusk/rear/1424450861191941.jpg 0.32086095 -0.29922525 0.56707473 0.69709307 20.53180975 62.65423189 -334.25627966
dusk/rear/1424450861282815.jpg 0.31752126 -0.29391198 0.56925236 0.69910496 16.07478389 62.70505704 -333.75813687
dusk/rear/1424450861464567.jpg 0.31174068 -0.28519599 0.57394142 0.70147862 8.53815194 61.86682790 -332.99349339
dusk/rear/1424450861555569.jpg 0.30854011 -0.28069022 0.57575038 0.70322649 4.49755197 61.92571931 -332.46811636
dusk/rear/1424450861737319.jpg 0.29828217 -0.27249358 0.57472319 0.71166583 -5.29801269 65.11024647 -330.48182479
dusk/rear/1424450861828195.jpg 0.29255555 -0.26787170 0.57767443 0.71340609 -10.63034672 64.08637164 -329.82385175
dusk/rear/1424450862010072.jpg 0.28381288 -0.25968683 0.58942366 0.71034692 -19.24990187 57.29081744 -329.36035534
dusk/rear/1424450862100947.jpg 0.27919079 -0.25626256 0.59220309 0.71111005 -23.31825796 56.14693345 -328.52521217
sun/rear/1425997796276491.jpg 0.33888826 -0.31841914 0.55326960 0.69112716 40.45377256 67.08118972 -335.01566838
sun/rear/1425997796458243.jpg 0.33621570 -0.31151725 0.55356165 0.69533122 35.38703366 69.25130559 -334.12118630
sun/rear/1425997796640119.jpg 0.32818135 -0.30730197 0.55807347 0.69743566 28.74219688 67.06527709 -334.13496884
sun/rear/1425997796821872.jpg 0.31911636 -0.30327092 0.56368497 0.69889252 21.56541447 63.96230916 -334.17668954
sun/rear/1425997797003749.jpg 0.31239158 -0.29437646 0.56825962 0.70202208 13.41415341 63.31697036 -333.68853369
sun/rear/1425997797185626.jpg 0.30635111 -0.28637214 0.57328919 0.70390305 6.21319681 61.90846681 -333.20159194
sun/rear/1425997797367378.jpg 0.29827295 -0.27536748 0.57586175 0.70964023 -3.74764127 63.39084188 -331.79712545
sun/rear/1425997797549254.jpg 0.28890440 -0.26832955 0.57595204 0.71610945 -12.40981975 65.20102018 -330.12439841
sun/rear/1425997797731008.jpg 0.28235881 -0.25936172 0.58369984 0.71575100 -20.17759577 61.82114655 -329.32401716
overcast-summer/rear/1432294075278089.jpg 0.33194277 -0.30107557 0.56132121 0.69576289 27.53857132 66.80534241 -334.58247181
overcast-summer/rear/1432294075459840.jpg 0.32385915 -0.29696422 0.56651147 0.69713144 20.96425077 63.95567818 -334.30655261
overcast-summer/rear/1432294075550842.jpg 0.32061581 -0.29243461 0.56846020 0.69895672 16.94595753 63.93242092 -333.86974876
overcast-summer/rear/1432294075732594.jpg 0.31727669 -0.28483416 0.57334545 0.69962847 11.34323165 62.59271400 -333.27212313
overcast-summer/rear/1432294075914471.jpg 0.31180884 -0.27806249 0.57610524 0.70253772 4.88966956 62.60048712 -332.21607641
overcast-summer/rear/1432294076005347.jpg 0.30789649 -0.27464568 0.57526364 0.70628695 0.99138971 64.28753282 -331.26770587
overcast-summer/rear/1432294076187221.jpg 0.29983329 -0.26917095 0.57620005 0.71108403 -6.11960428 65.03109442 -329.81707040
overcast-summer/rear/1432294076368977.jpg 0.29238887 -0.26327220 0.58543851 0.70884290 -13.00261590 59.51142520 -329.43467329
overcast-summer/rear/1432294076459853.jpg 0.28856758 -0.26138334 0.58857221 0.70851270 -16.00208365 57.51067390 -329.11951182
overcast-winter/rear/1447411330565798.jpg 0.31729560 -0.29930002 0.56617842 0.69941761 18.63081758 63.42773911 -334.54605178
overcast-winter/rear/1447411330747523.jpg 0.31332850 -0.29255384 0.56900242 0.70176474 13.11939104 63.43719560 -333.99052779
overcast-winter/rear/1447411331020235.jpg 0.30858791 -0.28480959 0.57370681 0.70321938 6.67127634 62.23879483 -333.33994761
overcast-winter/rear/1447411331202086.jpg 0.30418662 -0.27838463 0.57417071 0.70731923 1.01299875 63.95151570 -332.27563195
overcast-winter/rear/1447411331474800.jpg 0.29582131 -0.27236786 0.57478105 0.71269366 -6.64791547 65.11905064 -330.62687888
overcast-winter/rear/1447411331656523.jpg 0.29216134 -0.26698455 0.57862358 0.71313095 -11.17155052 63.70794911 -329.94555535
overcast-winter/rear/1447411331929238.jpg 0.28651396 -0.26078104 0.58808141 0.70997412 -17.15881446 58.13484132 -329.39975711
overcast-winter/rear/1447411332110963.jpg 0.27950313 -0.26132929 0.58730231 0.71320474 -20.79893685 58.08726549 -328.32951818
rain/rear/1416907906225778.jpg 0.49322941 -0.39521861 0.48698024 0.60280781 105.75077068 38.22022361 -169.75014498
rain/rear/1416907906680211.jpg 0.51422101 -0.40448826 0.47115098 0.59159340 115.55539423 39.00686023 -161.98872142
rain/rear/1416907907134646.jpg 0.53780364 -0.42450118 0.44549102 0.57628443 128.85610354 40.50732143 -150.14257103
rain/rear/1416907907589204.jpg 0.56343788 -0.46170580 0.41313043 0.54652424 146.63649627 39.16065898 -131.96291763
rain/rear/1416907907952778.jpg 0.59164221 -0.49042125 0.38898458 0.50807234 161.98973311 33.14477941 -113.15297296
rain/rear/1416907908225487.jpg 0.60580215 -0.52079387 0.35554008 0.48514817 172.15681730 34.84258566 -95.23541146
rain/rear/1416907908498199.jpg 0.63705847 -0.53817655 0.32340686 0.44713589 182.96933784 30.46403692 -72.76060784
rain/rear/1416907908770785.jpg 0.66703467 -0.54961646 0.30051913 0.40332958 190.75868861 21.20164431 -51.51865506
rain/rear/1416907908952633.jpg 0.67952355 -0.56460362 0.27089066 0.38221558 194.21240982 21.86715018 -34.79219934
rain/rear/1416907909225343.jpg 0.69931288 -0.58207302 0.23744684 0.34025211 197.35533924 16.42850174 -10.55371430
night/rear/1418235936255845.jpg 0.47968140 -0.38408040 0.50048252 0.60984035 97.72330393 36.97736645 -175.08755471
night/rear/1418235937164838.jpg 0.50022970 -0.39183511 0.48289673 0.60253319 107.21608966 39.34132654 -167.72529235
night/rear/1418235937619272.jpg 0.53145602 -0.41011645 0.46126402 0.58016765 122.90041321 37.94280153 -156.00698201
night/rear/1418235938073707.jpg 0.56921305 -0.44898441 0.41851344 0.54704296 145.34817292 37.86167206 -134.02572227
night/rear/1418235938437277.jpg 0.59739267 -0.48855757 0.38471873 0.50638424 163.24553518 33.50799049 -111.60795910
night/rear/1418235938709990.jpg 0.62120065 -0.51466907 0.36085212 0.46798638 175.14785057 27.46102597 -92.41830201
night/rear/1418235938982700.jpg 0.63404475 -0.54913181 0.32064037 0.44003551 184.37057783 29.81403252 -70.09742618
night/rear/1418235939255411.jpg 0.66170122 -0.56051673 0.29122757 0.40392945 191.35693884 24.93073560 -48.87503084
night/rear/1418235939528121.jpg 0.68696415 -0.56433257 0.26976796 0.36991114 195.49194910 17.92271716 -31.03991571
night/rear/1418235939709845.jpg 0.69337472 -0.58116607 0.24048077 0.35163404 197.02421787 19.73373523 -15.03443115
night/rear/1418235939891694.jpg 0.69950161 -0.58819980 0.22947985 0.33474991 197.72020195 17.25016664 -5.77822828
dawn/rear/1418722195590455.jpg 0.46739063 -0.39090408 0.49990949 0.61549208 95.73243459 37.75957683 -177.38948522
dawn/rear/1418722195863166.jpg 0.47184319 -0.38556776 0.50219219 0.61359963 95.82752674 36.86893289 -176.67323909
dawn/rear/1418722196226739.jpg 0.47738376 -0.38657761 0.49839116 0.61177508 98.03931987 37.28683131 -174.34641398
dawn/rear/1418722196681172.jpg 0.49119548 -0.39346474 0.48486441 0.60730470 104.73835280 39.61483768 -168.86322729
dawn/rear/1418722197135609.jpg 0.50698915 -0.40488640 0.47234098 0.59659283 113.30162333 39.42543872 -162.21285319
dawn/rear/1418722197590167.jpg 0.52393153 -0.43361878 0.44706292 0.58103808 126.66670712 40.60552446 -150.54600650
dawn/rear/1418722197953741.jpg 0.55205321 -0.45357386 0.42875197 0.55288313 140.95182707 36.64560390 -137.36796440
dawn/rear/1418722198317313.jpg 0.57028239 -0.49618847 0.39353335 0.52316967 156.63389971 36.55709419 -117.81265162
dawn/rear/1418722198680887.jpg 0.60867767 -0.51738235 0.36030265 0.48167313 171.82185925 31.79700884 -94.57378529
dawn/rear/1418722198953598.jpg 0.63911149 -0.53165731 0.33294970 0.44499607 181.81733722 26.58472537 -74.36625029
night-rain/rear/1418840930080188.jpg 0.49883314 -0.39714103 0.47993333 0.60258485 108.24938378 40.11436718 -167.31580521
night-rain/rear/1418840930455141.jpg 0.51758164 -0.40339590 0.46961926 0.59062573 116.38968747 39.11178918 -161.05332448
night-rain/rear/1418840930830095.jpg 0.54386234 -0.42587821 0.44503960 0.56989582 131.22858926 38.57234071 -148.17529472
night-rain/rear/1418840931205049.jpg 0.57434223 -0.47221023 0.40545715 0.53174524 152.46842613 36.09616874 -125.27051883
night-rain/rear/1418840931455018.jpg 0.60115639 -0.49841649 0.38221460 0.49406882 166.16756502 30.06930596 -106.90180626
night-rain/rear/1418840931704987.jpg 0.61730017 -0.53595849 0.34168992 0.46361299 177.93123106 31.54118113 -84.08770872
night-rain/rear/1418840931954956.jpg 0.65395050 -0.54877067 0.30944184 0.41886185 188.08621383 24.47782224 -59.49841021
night-rain/rear/1418840932079941.jpg 0.66980240 -0.55196898 0.29806753 0.39730435 191.41142034 19.73072235 -49.09953600
night-rain/rear/1418840932329910.jpg 0.68708369 -0.57525386 0.25553767 0.36290426 195.88968850 19.42493690 -23.83894300
night-rain/rear/1418840932579879.jpg 0.70450426 -0.58985062 0.22732191 0.32260618 197.70049556 13.60371306 -1.97158478
night-rain/rear/1418840932704864.jpg 0.71145994 -0.59580848 0.21892750 0.30150912 197.80663407 9.23366287 7.19830293
snow/rear/1422954186841191.jpg 0.47837511 -0.38922198 0.49938938 0.60850123 99.15693539 36.27399803 -174.80338892
snow/rear/1422954187477575.jpg 0.48845599 -0.39437958 0.48789010 0.60649711 104.30528168 38.70653033 -170.36024694
snow/rear/1422954188204961.jpg 0.49861258 -0.39808353 0.48301708 0.59967450 108.77746276 37.77336977 -166.76917811
snow/rear/1422954188932222.jpg 0.50617759 -0.40873372 0.47032569 0.59625058 114.29074187 39.58428300 -161.57489205
snow/rear/1422954189477607.jpg 0.51905322 -0.43091792 0.45420618 0.58188508 124.59649756 39.05762454 -152.79795030
snow/rear/1422954189932238.jpg 0.54338223 -0.45336602 0.43789810 0.55447295 138.19168688 34.67864304 -140.56091532
snow/rear/1422954190386744.jpg 0.56910280 -0.49523833 0.39787121 0.52207231 156.24747683 35.17153024 -118.82292384
snow/rear/1422954190841252.jpg 0.60948462 -0.51917627 0.36340198 0.47636488 172.57910012 29.48228806 -93.99532907
snow/rear/1422954191205008.jpg 0.63932660 -0.54096858 0.32709020 0.43775164 183.57470979 26.40360299 -70.25148380
snow/rear/1422954191568638.jpg 0.66527551 -0.56246822 0.28841290 0.39731096 191.41871892 23.16136425 -44.90469897
dusk/rear/1424450883555756.jpg 0.48515899 -0.39021052 0.49505277 0.60603568 101.91920534 36.88661049 -172.24295044
dusk/rear/1424450884010259.jpg 0.50903463 -0.39708343 0.48021375 0.59380405 112.02134082 37.26328397 -164.70803573
dusk/rear/1424450884373888.jpg 0.53484180 -0.42250000 0.45491455 0.57314113 127.61248876 36.95074547 -151.91190160
dusk/rear/1424450884737517.jpg 0.56387033 -0.46525557 0.41887438 0.53863879 147.90222854 35.02518632 -131.41783433
dusk/rear/1424450885010268.jpg 0.59346230 -0.49301217 0.39436024 0.49922089 163.12824077 28.84653115 -112.36484770
dusk/rear/1424450885373896.jpg 0.62206049 -0.54202975 0.33690466 0.45358544 180.50213561 29.96280072 -79.47983350
dusk/rear/1424450885646648.jpg 0.66207307 -0.55149592 0.30574867 0.40500525 190.31345520 20.99878090 -54.10878614
dusk/rear/1424450885828414.jpg 0.68127601 -0.56061038 0.28502105 0.37462248 194.44343649 15.89846059 -37.80614673
dusk/rear/1424450886101152.jpg 0.69875103 -0.58639790 0.23558756 0.33523574 197.64342114 15.66660197 -8.75753480
dusk/rear/1424450886192153.jpg 0.70171379 -0.59133261 0.22967096 0.32430657 197.97169960 13.98959562 -3.32760157
sun/rear/1425997818913117.jpg 0.47113931 -0.39937795 0.49478202 0.61132295 100.87976463 37.73704182 -176.42331979
sun/rear/1425997819185869.jpg 0.47821857 -0.40059581 0.49215140 0.60713837 103.69423003 37.21958407 -173.83666781
sun/rear/1425997819458498.jpg 0.48544619 -0.40870221 0.48433098 0.60226904 108.50399049 37.59140523 -169.81410748
sun/rear/1425997819822127.jpg 0.50409597 -0.41891855 0.46903864 0.59194362 117.73041436 38.49417219 -162.13442055
sun/rear/1425997820185880.jpg 0.52176647 -0.43967858 0.44752179 0.57807158 129.22138456 39.59326813 -151.74925397
sun/rear/1425997820458509.jpg 0.53968787 -0.45779581 0.42985404 0.56070090 139.81763795 38.70389496 -141.33565235
sun/rear/1425997820822137.jpg 0.56103765 -0.48662537 0.40643603 0.53220508 153.70024284 35.93124509 -125.55666522
overcast-summer/rear/1432294100732897.jpg 0.47061715 -0.38914650 0.50346251 0.61123645 96.45735611 36.08332586 -177.71813886
overcast-summer/rear/1432294101005650.jpg 0.47910072 -0.38931286 0.50070201 0.60679115 99.44778281 35.62775202 -175.10700370
overcast-summer/rear/1432294101278403.jpg 0.48827784 -0.39304866 0.49105881 0.60494525 103.67603842 37.59038665 -171.30111598
overcast-summer/rear/1432294101642034.jpg 0.50971634 -0.40506882 0.47735914 0.59011588 114.34161591 36.58766164 -163.30564551
overcast-summer/rear/1432294101914788.jpg 0.53306848 -0.42828087 0.45250470 0.57240982 128.46539311 37.18838651 -151.25679020
overcast-summer/rear/1432294102187541.jpg 0.56034766 -0.46284393 0.42224637 0.54175087 146.17557479 35.12134711 -133.60335414
overcast-summer/rear/1432294102460169.jpg 0.59410752 -0.49169782 0.39325405 0.50062037 163.14146356 29.50820378 -112.59568824
overcast-summer/rear/1432294102732922.jpg 0.61871237 -0.53710008 0.34533390 0.45767128 178.87391486 28.98232703 -83.85754119
overcast-summer/rear/1432294103005674.jpg 0.66271129 -0.55405979 0.30152073 0.40362947 190.79192776 21.71638637 -52.61279374
overcast-summer/rear/1432294103096550.jpg 0.67540877 -0.55644856 0.28996983 0.38743451 193.41640522 18.68221784 -43.54950779
overcast-summer/rear/1432294103369304.jpg 0.69601024 -0.58408968 0.24208108 0.34030244 197.77098275 15.93670106 -12.68476137
overcast-winter/rear/1447411367197230.jpg 0.53166507 -0.41666743 0.45943688 0.57674800 124.57172699 37.32898719 -154.77250844
overcast-winter/rear/1447411367651670.jpg 0.54985316 -0.45162927 0.42903263 0.55643823 139.66239945 38.26235257 -139.82861950
overcast-winter/rear/1447411368015245.jpg 0.57710138 -0.47603151 0.40901161 0.52254904 154.21989076 32.67985164 -123.99946382
overcast-winter/rear/1447411368378820.jpg 0.59608410 -0.51272337 0.37382248 0.49199111 167.85066385 32.36174094 -103.50399218
overcast-winter/rear/1447411368651535.jpg 0.61865641 -0.53682562 0.34088304 0.46139056 178.41862226 31.34601588 -83.16495521
overcast-winter/rear/1447411369015110.jpg 0.65776820 -0.54829691 0.31083275 0.41242514 188.79417970 22.22725269 -58.01427293
overcast-winter/rear/1447411369287824.jpg 0.67439176 -0.56730393 0.27533934 0.38412270 193.68696025 22.19039039 -37.09624413
overcast-winter/rear/1447411369560537.jpg 0.69345025 -0.58142218 0.24698735 0.34651443 196.81955011 16.79426138 -15.94011777
rain/rear/1416908584763934.jpg 0.08787633 -0.03656159 -0.62965367 -0.77102351 -738.94768734 -104.73540356 309.98926033
rain/rear/1416908585854654.jpg 0.08952653 -0.03391902 -0.63036220 -0.77037523 -738.87708586 -109.01479526 309.51675668
rain/rear/1416908587218083.jpg 0.08858188 -0.03473831 -0.63016248 -0.77061128 -739.08832963 -107.48158810 310.46901410
rain/rear/1416908588399788.jpg 0.09114823 -0.03083018 -0.63008372 -0.77054267 -738.96517078 -114.57739134 309.23476592
rain/rear/1416908589126933.jpg 0.09142483 -0.02861818 -0.63014403 -0.77054591 -739.52144617 -117.27773886 307.93493298
rain/rear/1416908589763215.jpg 0.09096978 -0.03014963 -0.62777464 -0.77247298 -739.24167356 -116.94811326 309.75584520
rain/rear/1416908590399498.jpg 0.09385760 -0.02691189 -0.62534890 -0.77421266 -738.57211230 -125.19316568 309.15206143
rain/rear/1416908590944794.jpg 0.09286280 -0.02826659 -0.62629745 -0.77351729 -738.76488397 -122.29932492 310.98597772
rain/rear/1416908591308368.jpg 0.09479188 -0.02554408 -0.62888353 -0.77127654 -738.56224081 -125.68441307 311.08973247
night/rear/1418236946837673.jpg 0.77117540 -0.62760378 0.08072174 0.06989993 726.16016703 44.85420585 -348.38177853
night/rear/1418236947110384.jpg 0.77128659 -0.62774637 0.07458217 0.07408779 726.93406879 55.42697382 -344.33374032
night/rear/1418236947473956.jpg 0.77166411 -0.62738306 0.07837729 0.06915201 727.67110365 46.06110789 -343.16882404
night/rear/1418236947928390.jpg 0.77252751 -0.62637269 0.07776728 0.06935957 727.82489534 47.38984217 -341.73686608
night/rear/1418236948928248.jpg 0.77324576 -0.62588697 0.07575289 0.06795587 729.46930025 47.89506361 -337.13771293
night/rear/1418236954200243.jpg 0.77463007 -0.62444716 0.07399831 0.06736653 730.71153790 49.94047627 -334.11789255
night/rear/1418236977196946.jpg 0.77439573 -0.62477736 0.07383935 0.06717328 731.02674101 49.45987839 -333.72630541
dawn/rear/1418722657160920.jpg 0.08967441 -0.03794074 -0.62888274 -0.77137896 -737.35035288 -105.52037720 312.15986235
dawn/rear/1418722657251782.jpg 0.08974687 -0.03927467 -0.62920784 -0.77103859 -736.85125115 -104.22353671 314.52771587
dawn/rear/1418722657342642.jpg 0.09019423 -0.03949051 -0.63047165 -0.76994221 -736.55816477 -103.84430205 316.02755695
dawn/rear/1418722657524493.jpg 0.09428282 -0.03741991 -0.63078027 -0.76930277 -734.94046195 -110.59941936 318.90219423
dawn/rear/1418722657615354.jpg 0.09449868 -0.03792756 -0.63068217 -0.76933185 -734.65800859 -110.58465502 320.41906198
dawn/rear/1418722657797204.jpg 0.09684007 -0.03581899 -0.63130302 -0.76863223 -734.07914407 -115.23795874 321.61804826
dawn/rear/1418722657888067.jpg 0.09855963 -0.03383046 -0.63142735 -0.76840159 -733.82276503 -118.94575325 321.71106556
dawn/rear/1418722657978929.jpg 0.09841875 -0.03402573 -0.62956672 -0.76993620 -733.80113300 -119.99043169 322.19121787
dawn/rear/1418722658160778.jpg 0.09953266 -0.03316248 -0.62540727 -0.77321359 -733.35266727 -125.15223311 322.66846479
dawn/rear/1418722658251640.jpg 0.10021477 -0.03241913 -0.62659915 -0.77219136 -733.23695592 -126.05916939 323.45202913
dawn/rear/1418723130184615.jpg 0.77476448 -0.62452542 0.07396283 0.06509608 732.16395165 48.16814586 -336.21354102
dawn/rear/1418723130366464.jpg 0.77449661 -0.62497840 0.06995356 0.06828982 732.36910816 55.33731885 -333.79022897
dawn/rear/1418723130548188.jpg 0.77576108 -0.62327101 0.06739251 0.07201562 731.62393257 63.08494168 -333.23730473
dawn/rear/1418723130820900.jpg 0.77521674 -0.62387098 0.07592101 0.06371813 731.92846680 44.67641087 -334.30815171
dawn/rear/1418723131002624.jpg 0.77583729 -0.62297953 0.07158561 0.06963117 730.99229186 56.15874957 -333.77522520
dawn/rear/1418723131184474.jpg 0.77444948 -0.62502840 0.06879680 0.06953057 732.27333057 57.22853632 -329.83533112
dawn/rear/1418723131366322.jpg 0.77373041 -0.62579649 0.07329905 0.06593368 731.99121775 47.92819895 -330.99815575
dawn/rear/1418723131638909.jpg 0.77233024 -0.62767109 0.07097183 0.06706713 732.44587605 49.98162366 -328.20171885
dawn/rear/1418723131820758.jpg 0.77194155 -0.62838861 0.06932352 0.06654510 733.55854468 50.58250039 -325.01355190
night-rain/rear/1418841378274894.jpg 0.08803124 -0.03891015 -0.62913552 -0.77131381 -737.98281818 -102.71202194 312.59107608
night-rain/rear/1418841378399878.jpg 0.09010133 -0.03750000 -0.63129450 -0.76937816 -737.35316460 -105.26142431 314.34305933
night-rain/rear/1418841378524863.jpg 0.09205705 -0.03649658 -0.63229582 -0.76837198 -736.61742604 -108.04425153 316.42499437
night-rain/rear/1418841378649847.jpg 0.09328183 -0.03593049 -0.63213804 -0.76838076 -736.16744797 -110.31079376 317.87131357
night-rain/rear/1418841378774832.jpg 0.09699356 -0.03281387 -0.63297216 -0.76737328 -735.09208543 -117.23056871 318.96421543
night-rain/rear/1418841378899817.jpg 0.09707729 -0.03336915 -0.63093145 -0.76901756 -734.81938968 -118.30208137 320.29531986
night-rain/rear/1418841379024802.jpg 0.09755768 -0.03285575 -0.62656564 -0.77254029 -734.64339137 -122.46041432 320.42246605
night-rain/rear/1418841379149786.jpg 0.09845684 -0.03180802 -0.62664364 -0.77240679 -734.47810857 -124.65457251 320.99664735
night-rain/rear/1418841707859299.jpg 0.77128869 -0.62853580 0.07393071 0.06775507 730.34250344 48.80601887 -340.93267529
night-rain/rear/1418841707984291.jpg 0.77245243 -0.62726968 0.07313173 0.06709508 731.03704770 49.57712980 -338.67975927
night-rain/rear/1418841708234252.jpg 0.77375820 -0.62574096 0.07532430 0.06381810 731.55115969 44.73376309 -336.65524540
night-rain/rear/1418841708359237.jpg 0.77442398 -0.62513359 0.07346428 0.06386313 732.38210956 46.91862296 -333.90889956
night-rain/rear/1418841708609206.jpg 0.77534670 -0.62432844 0.06720863 0.06733870 733.49520621 57.38724446 -328.63482501
night-rain/rear/1418841708859176.jpg 0.77447095 -0.62566265 0.07250000 0.05903177 735.09036118 41.41860600 -326.05297569
night-rain/rear/1418841709109145.jpg 0.77439250 -0.62603375 0.06697947 0.06254398 735.88326278 50.46871270 -321.85731228
night-rain/rear/1418841709234130.jpg 0.77388969 -0.62681317 0.06647368 0.06149187 736.56471068 49.35689143 -319.70855713
night-rain/rear/1418841709484098.jpg 0.77344570 -0.62740358 0.06859482 0.05866217 736.93803594 43.39152490 -318.65558109
snow/rear/1422954873670506.jpg 0.08419917 -0.03773592 -0.63418176 -0.76765878 -740.54964791 -96.57520069 309.43353545
snow/rear/1422954873852259.jpg 0.08644507 -0.03699662 -0.63460243 -0.76709729 -739.60261141 -99.80873365 312.04980981
snow/rear/1422954873943261.jpg 0.08718802 -0.03696282 -0.63428168 -0.76728010 -739.25515793 -101.03945116 313.30235842
snow/rear/1422954874125014.jpg 0.09147814 -0.03418699 -0.63560778 -0.76581052 -737.84097738 -108.02097078 315.67138371
snow/rear/1422954874216014.jpg 0.09225237 -0.03368976 -0.63457151 -0.76659866 -737.58612960 -109.96820802 316.38725704
snow/rear/1422954874397768.jpg 0.09159285 -0.03483174 -0.63000774 -0.77038156 -737.52779479 -111.31924411 317.45809021
snow/rear/1422954874488644.jpg 0.09336354 -0.03350000 -0.62901689 -0.77103745 -736.95889795 -115.42003265 318.00875079
snow/rear/1422954874670522.jpg 0.09414351 -0.03328663 -0.63245632 -0.76813280 -736.65914310 -114.46522800 320.44183664
snow/rear/1422954874761398.jpg 0.09522080 -0.03181981 -0.63578495 -0.76530909 -736.62432943 -115.05089878 321.12539318
snow/rear/1422954874943276.jpg 0.09530084 -0.03438386 -0.63236639 -0.76801579 -735.65226170 -115.11258321 324.81346945
snow/rear/1422955300132171.jpg 0.76902259 -0.63250672 0.07280282 0.05691441 736.45411683 35.18941882 -331.26384725
snow/rear/1422955300314047.jpg 0.77042358 -0.63101387 0.07028513 0.05769749 737.30044781 39.40068006 -327.84566992
snow/rear/1422955300495802.jpg 0.77161373 -0.62972315 0.06833923 0.05823015 737.94628460 42.56273493 -324.91161322
snow/rear/1422955300586803.jpg 0.77216983 -0.62904749 0.06933433 0.05697148 738.07165110 40.42920275 -324.19930771
snow/rear/1422955300768556.jpg 0.77352052 -0.62739780 0.06943702 0.05671420 738.14021165 40.85881206 -322.78114237
snow/rear/1422955300950433.jpg 0.77421283 -0.62658120 0.06595832 0.06033241 737.97655006 48.78720943 -320.88878118
snow/rear/1422955301132188.jpg 0.77384785 -0.62711283 0.07004641 0.05461227 738.77637578 37.51812163 -319.26708709
snow/rear/1422955301223187.jpg 0.77388662 -0.62700558 0.07010706 0.05521322 738.47054097 38.14863838 -319.24663333
snow/rear/1422955301404943.jpg 0.77273152 -0.62869150 0.06600000 0.05724509 739.33032457 43.24469719 -315.39987811
dusk/rear/1424451667108151.jpg 0.09248243 -0.04658326 -0.63164112 -0.76831406 -732.51989714 -98.59409680 326.22621482
dusk/rear/1424451667380906.jpg 0.09580188 -0.04437905 -0.63293286 -0.76697360 -731.50836169 -103.78862979 328.11063414
dusk/rear/1424451667653656.jpg 0.09531264 -0.04515529 -0.63377441 -0.76629400 -731.52020724 -102.08891274 329.71568548
dusk/rear/1424451667926410.jpg 0.09707085 -0.04442128 -0.63366060 -0.76621032 -730.82586172 -105.11456693 331.55249263
dusk/rear/1424451668108161.jpg 0.10102227 -0.04096950 -0.63465542 -0.76506764 -729.75812194 -112.43972625 332.21994705
dusk/rear/1424451668380914.jpg 0.09966318 -0.04290979 -0.63158946 -0.76767229 -729.89356100 -111.14391127 333.70672354
dusk/rear/1424451668653668.jpg 0.10121512 -0.04229066 -0.62848707 -0.77004610 -729.14228307 -115.81524301 334.89016193
dusk/rear/1424451668835420.jpg 0.10449402 -0.03835362 -0.62929047 -0.76915766 -728.58964493 -122.99760698 334.23682188
dusk/rear/1424451669108172.jpg 0.10030329 -0.04307261 -0.63239722 -0.76691443 -729.48240274 -111.68323554 337.53902093
dusk/rear/1424451669380922.jpg 0.10305460 -0.03948734 -0.63358168 -0.76576416 -729.36085009 -117.55660043 337.38989725
dusk/rear/1424452348660183.jpg 0.76914433 -0.63096870 0.07730783 0.06571910 730.10333062 41.91179532 -345.37202040
dusk/rear/1424452348841937.jpg 0.76793375 -0.63239011 0.07871309 0.06453487 729.99023568 37.88600565 -344.75158211
dusk/rear/1424452349023814.jpg 0.76991574 -0.62998433 0.07707302 0.06640218 729.85055663 43.06971520 -343.18236640
dusk/rear/1424452349114688.jpg 0.77041142 -0.62942136 0.07551655 0.06776614 729.92170865 46.42776157 -342.03945872
dusk/rear/1424452349296565.jpg 0.77204032 -0.62718478 0.07898576 0.06598674 729.15540277 42.18010772 -342.83250391
dusk/rear/1424452349387443.jpg 0.77182333 -0.62752191 0.07622172 0.06852189 729.18050377 47.46666778 -341.32676286
dusk/rear/1424452349569318.jpg 0.77228007 -0.62674277 0.07658329 0.07008566 728.18881691 49.17563670 -341.86560070
dusk/rear/1424452349660194.jpg 0.77163187 -0.62750916 0.07893193 0.06772186 728.25051243 43.43822669 -341.75560275
dusk/rear/1424452349841947.jpg 0.77105155 -0.62800119 0.07901899 0.06964194 727.23132338 44.93933950 -342.40700961
dusk/rear/1424452349932946.jpg 0.77073277 -0.62840353 0.07888282 0.06969577 727.24735653 44.74792847 -341.78287465
sun/rear/1425998308191268.jpg 0.09516433 -0.04306681 -0.63511554 -0.76532166 -732.39862644 -103.03929513 327.32923930
sun/rear/1425998308282143.jpg 0.09518929 -0.04318565 -0.63476374 -0.76560368 -732.35399034 -103.29663894 327.99701874
sun/rear/1425998308463894.jpg 0.09832217 -0.04000937 -0.63511672 -0.76508741 -731.72709839 -110.00422987 328.61442536
sun/rear/1425998308554896.jpg 0.09972211 -0.03845127 -0.63519997 -0.76491699 -731.47868598 -113.22180728 328.86899156
sun/rear/1425998308736647.jpg 0.09914888 -0.03842525 -0.63041018 -0.76894473 -731.74032937 -116.05016101 328.64618341
sun/rear/1425998308827524.jpg 0.10017360 -0.03747999 -0.62870760 -0.77025142 -731.45353600 -119.43924736 328.86922709
sun/rear/1425998309009400.jpg 0.10062182 -0.03712479 -0.63186411 -0.76762279 -731.35918538 -118.37505238 330.75688908
sun/rear/1425998309100277.jpg 0.10133484 -0.03521008 -0.63515333 -0.76489983 -731.69144000 -118.96425163 330.45583397
sun/rear/1425998309282154.jpg 0.10056093 -0.03635244 -0.63406191 -0.76585345 -731.72312931 -117.96195304 332.18740719
sun/rear/1425998309373031.jpg 0.09892800 -0.03771273 -0.63044409 -0.76898066 -732.18522392 -117.38994102 332.17734914
sun/rear/1425998641740294.jpg 0.76927352 -0.63114202 0.07582381 0.06425535 731.49747650 41.47181388 -339.98765838
sun/rear/1425998641922171.jpg 0.77024103 -0.63022952 0.07397466 0.06377500 732.61299482 43.17859932 -336.42694193
sun/rear/1425998642194923.jpg 0.77218246 -0.62802966 0.07438918 0.06147560 733.60558147 41.17929168 -333.15768265
sun/rear/1425998642376675.jpg 0.77210605 -0.62837389 0.06857660 0.06554197 734.28724170 51.21385808 -329.37734161
sun/rear/1425998642558552.jpg 0.77310979 -0.62721149 0.07088900 0.06230369 734.77244745 45.80052110 -328.07753886
overcast-summer/rear/1432294670012855.jpg 0.08533903 -0.04081973 -0.63398364 -0.76753876 -738.94713037 -94.80179868 313.90138987
overcast-summer/rear/1432294670194734.jpg 0.08973154 -0.03858432 -0.63464616 -0.76660534 -737.27003876 -101.80990849 316.92723202
overcast-summer/rear/1432294670285609.jpg 0.08998055 -0.03918546 -0.63436149 -0.76678126 -736.92908264 -101.79191198 318.37725163
overcast-summer/rear/1432294670467361.jpg 0.09418466 -0.03737312 -0.63472218 -0.76606805 -735.21375880 -108.37539463 321.72722683
overcast-summer/rear/1432294670558363.jpg 0.09616782 -0.03604511 -0.63493366 -0.76570996 -734.54300021 -111.90548876 322.68613784
overcast-summer/rear/1432294670740114.jpg 0.09647020 -0.03779550 -0.63075114 -0.76903706 -733.66144396 -113.49290199 325.48439567
overcast-summer/rear/1432294670830991.jpg 0.09846446 -0.03766630 -0.62867778 -0.77048702 -732.50561700 -117.39851023 327.49821728
overcast-summer/rear/1432294671012868.jpg 0.10123981 -0.03821649 -0.63091996 -0.76826428 -730.66000259 -118.65145727 332.43122085
overcast-summer/rear/1432294671103744.jpg 0.10171160 -0.03822630 -0.63396628 -0.76568940 -730.44209285 -117.19414905 334.07808065
overcast-summer/rear/1432295031381250.jpg 0.76858702 -0.63067662 0.08054502 0.07094716 725.84731486 44.81989019 -353.98929904
overcast-summer/rear/1432295031472126.jpg 0.76630493 -0.63336068 0.08245756 0.06951079 725.58605914 39.21951157 -354.32404395
overcast-summer/rear/1432295031654003.jpg 0.76667937 -0.63290461 0.08199848 0.07007674 725.51943774 40.35879851 -352.97250325
overcast-summer/rear/1432295031744879.jpg 0.76812564 -0.63119094 0.08128961 0.07051950 725.63642845 42.65556154 -351.80178120
overcast-summer/rear/1432295031835754.jpg 0.76959210 -0.62957089 0.07978722 0.07072835 726.27769059 45.34723422 -349.35780376
overcast-summer/rear/1432295032017634.jpg 0.77192989 -0.62702093 0.08142021 0.06587678 727.92206335 39.62163115 -345.13901966
overcast-summer/rear/1432295032108506.jpg 0.77173733 -0.62767269 0.07692204 0.06731642 729.37081166 45.12951484 -340.61753620
overcast-summer/rear/1432295032290384.jpg 0.77198721 -0.62763465 0.07575124 0.06612299 730.51531869 44.69065578 -336.82270407
overcast-summer/rear/1432295032381261.jpg 0.77166249 -0.62814210 0.07685376 0.06378087 731.13846167 40.41695462 -335.38250796
overcast-summer/rear/1432295032563137.jpg 0.77099854 -0.62917625 0.07532098 0.06344486 731.99014642 40.59249562 -332.10696185
overcast-winter/rear/1447412126367704.jpg 0.09141389 -0.04087175 -0.63046451 -0.76973210 -734.97018345 -103.76351077 317.79881023
overcast-winter/rear/1447412126549433.jpg 0.09155326 -0.04135215 -0.63389313 -0.76686863 -734.78183426 -101.36374205 319.96502607
overcast-winter/rear/1447412126731281.jpg 0.09444310 -0.04061404 -0.63440366 -0.76613511 -733.40496751 -105.17127134 322.85991958
overcast-winter/rear/1447412126913008.jpg 0.09456083 -0.04174027 -0.63437115 -0.76608697 -732.93792763 -104.35363621 325.17919100
overcast-winter/rear/1447412127094861.jpg 0.09751410 -0.04061404 -0.63448798 -0.76568042 -731.68252335 -108.90877355 327.54407718
overcast-winter/rear/1447412127367571.jpg 0.10147906 -0.03750333 -0.63457702 -0.76524996 -730.52642000 -116.64213669 329.19338764
overcast-winter/rear/1447412127549300.jpg 0.09969955 -0.03987480 -0.63105230 -0.76827274 -730.69714085 -114.82665908 330.43281133
overcast-winter/rear/1447412127731149.jpg 0.10142608 -0.03805588 -0.62990257 -0.76908208 -730.29398848 -119.52804910 330.59193962
overcast-winter/rear/1447412127912874.jpg 0.10370873 -0.03541186 -0.63184610 -0.76730763 -729.88652433 -123.55426876 330.88628896
overcast-winter/rear/1447412776371155.jpg 0.76662279 -0.63245790 0.08414274 0.07215608 723.21814335 41.12250492 -357.82564452
overcast-winter/rear/1447412776552880.jpg 0.76779262 -0.63153028 0.08167313 0.07066470 725.21195166 42.38738949 -352.75712192
overcast-winter/rear/1447412776734731.jpg 0.76972755 -0.62971819 0.07886698 0.06895288 727.46965924 44.29667077 -346.93528424
overcast-winter/rear/1447412776916457.jpg 0.77052012 -0.62905306 0.07886539 0.06611543 728.86798124 41.32808595 -343.39865615
overcast-winter/rear/1447412777189170.jpg 0.77142611 -0.62844550 0.07467764 0.06619101 730.83033492 45.68915081 -337.28795588
overcast-winter/rear/1447412777371021.jpg 0.77282631 -0.62686641 0.07131269 0.06850182 731.19625336 52.80387009 -334.42413631
overcast-winter/rear/1447412777552747.jpg 0.77253171 -0.62738684 0.07577764 0.06195361 732.30359535 40.31307402 -332.78439314
overcast-winter/rear/1447412777734597.jpg 0.77225433 -0.62758167 0.07720589 0.06167455 731.72672596 38.27902455 -333.38001082
rain/rear/1416908607033354.jpg 0.08318203 -0.10570833 -0.62416404 -0.76962702 -708.32568155 -54.79265021 484.04150112
rain/rear/1416908607124340.jpg 0.08185353 -0.10659034 -0.62469473 -0.76921713 -708.66160962 -51.97100380 484.54380442
rain/rear/1416908607306062.jpg 0.08317301 -0.10436834 -0.62669470 -0.76775208 -709.23256606 -54.03434462 484.86379985
rain/rear/1416908607397051.jpg 0.08314295 -0.10389538 -0.62632959 -0.76811734 -709.56430075 -55.09423424 484.98689407
rain/rear/1416908607578773.jpg 0.07947956 -0.10654107 -0.62589057 -0.76850049 -710.32991300 -48.89143245 486.01467531
rain/rear/1416908607669636.jpg 0.07924014 -0.10662786 -0.62638167 -0.76811295 -710.43630255 -48.19116501 486.66173045
rain/rear/1416908607760624.jpg 0.07931582 -0.10636024 -0.62658519 -0.76797624 -710.58989530 -48.47798485 487.06959125
rain/rear/1416908607942348.jpg 0.07911384 -0.10530907 -0.62465591 -0.76971163 -711.50376400 -51.53645737 486.83617640
rain/rear/1416909020428513.jpg 0.76511372 -0.62559572 0.04101829 0.14679407 691.20831029 192.05437426 -475.09467879
rain/rear/1416909020610238.jpg 0.76469733 -0.62611301 0.04141256 0.14664754 691.13158587 190.87624699 -474.39567318
rain/rear/1416909020701225.jpg 0.76488610 -0.62588118 0.04137934 0.14666203 691.10292586 191.04167419 -473.79467943
rain/rear/1416909020882948.jpg 0.76505082 -0.62568423 0.04194341 0.14648293 690.98458201 190.21916191 -473.13388173
rain/rear/1416909021064797.jpg 0.76499706 -0.62578750 0.04213668 0.14626688 691.09044041 189.54458116 -472.08703130
rain/rear/1416909021155659.jpg 0.76462654 -0.62637349 0.04313641 0.14540203 691.37154071 186.92635633 -472.01741102
rain/rear/1416909021337507.jpg 0.76351981 -0.62799482 0.04497221 0.14365758 692.06670595 181.41716725 -471.92714196
rain/rear/1416909021519232.jpg 0.76370266 -0.62771869 0.04486368 0.14392620 691.88330652 181.82736878 -470.93911236
rain/rear/1416909021701081.jpg 0.76458028 -0.62703110 0.04062635 0.14352178 694.37923604 186.16749301 -464.47821938
night/rear/1418236872302859.jpg 0.76524931 -0.62617170 0.04070626 0.14368542 694.18674931 188.47673803 -472.20662045
night/rear/1418236872575569.jpg 0.76469504 -0.62667775 0.04131586 0.14425498 693.42217492 187.69873539 -472.51198501
night/rear/1418236872848280.jpg 0.76483609 -0.62637628 0.04228771 0.14453460 692.68272488 187.08360280 -472.86140101
night/rear/1418236873120991.jpg 0.76480275 -0.62623578 0.04300291 0.14510772 691.83016042 186.83637977 -473.12491035
night/rear/1418236873393703.jpg 0.76444571 -0.62645730 0.04351724 0.14587752 690.85824347 186.79128122 -473.39238919
night/rear/1418236873666413.jpg 0.76391459 -0.62719813 0.04582576 0.14476533 690.74740496 182.35004030 -474.31898556
night/rear/1418236873938999.jpg 0.76301884 -0.62805394 0.04741571 0.14526614 689.54264426 180.18925270 -475.93836565
night/rear/1418236874211710.jpg 0.76340684 -0.62728223 0.04729693 0.14659468 688.31299653 182.22072073 -475.75502862
night/rear/1418236874484419.jpg 0.76336688 -0.62756195 0.04610315 0.14598459 689.55165056 182.37299937 -473.08250455
night/rear/1418236874757131.jpg 0.76569495 -0.62456565 0.04560428 0.14679663 688.93749513 186.44434920 -471.43086619
dawn/rear/1418722671249788.jpg 0.08905897 -0.11421690 -0.62860003 -0.76412368 -698.42184717 -47.80984991 497.46452255
dawn/rear/1418722671431637.jpg 0.09453042 -0.11200670 -0.62770654 -0.76452796 -695.98080053 -57.33349525 500.61813893
dawn/rear/1418722671704224.jpg 0.09199864 -0.11468980 -0.62593909 -0.76588690 -695.95533653 -53.77198725 502.13393217
dawn/rear/1418722671886073.jpg 0.09137970 -0.11683214 -0.62688934 -0.76485930 -694.79124680 -49.76862888 504.80441195
dawn/rear/1418722672158783.jpg 0.09481693 -0.11237994 -0.62767488 -0.76446370 -695.48176538 -57.67019306 504.00761965
dawn/rear/1418722672431495.jpg 0.09475495 -0.11241219 -0.62622480 -0.76565495 -695.53369288 -59.29469636 504.76464193
dawn/rear/1418722672704083.jpg 0.09062560 -0.11604525 -0.62644114 -0.76543582 -695.92045061 -50.98309033 506.02889827
dawn/rear/1418722672976792.jpg 0.09202174 -0.11303982 -0.62756514 -0.76479801 -697.01677365 -54.50930084 505.06504022
dawn/rear/1418722673340365.jpg 0.08914595 -0.11432410 -0.62704266 -0.76537605 -698.22168836 -50.75101046 504.95140116
dawn/rear/1418722673613077.jpg 0.08823831 -0.11297124 -0.62467472 -0.76761514 -699.91390873 -53.79893840 503.18939990
dawn/rear/1418723075646846.jpg 0.76384341 -0.62827044 0.03660943 0.14310573 697.00486680 190.15369878 -466.95189013
dawn/rear/1418723075828694.jpg 0.76373457 -0.62820140 0.03778889 0.14368194 695.94670061 189.37495795 -468.05714130
dawn/rear/1418723076101407.jpg 0.76413742 -0.62729857 0.03928104 0.14507757 693.91686318 189.96537788 -469.73151775
dawn/rear/1418723076374118.jpg 0.76413399 -0.62698266 0.03988421 0.14629166 692.52474344 190.71062718 -470.47898766
dawn/rear/1418723076646704.jpg 0.76327895 -0.62787638 0.04216337 0.14628312 691.46884835 187.39849057 -472.39530763
dawn/rear/1418723077010277.jpg 0.76240508 -0.62899126 0.04568370 0.14498793 690.95570990 181.16203698 -474.35124764
dawn/rear/1418723077282991.jpg 0.76210892 -0.62903219 0.04497221 0.14658104 689.88557011 183.33679725 -474.25857377
dawn/rear/1418723077737551.jpg 0.76373637 -0.62705801 0.04646773 0.14610185 689.47232457 183.02052722 -473.67554638
dawn/rear/1418723078101125.jpg 0.76506862 -0.62559971 0.04196427 0.14674468 691.17365514 189.48921219 -467.83814628
night-rain/rear/1418841390148431.jpg 0.08932805 -0.10622617 -0.62693421 -0.76660942 -703.33444662 -58.38193365 490.32287971
night-rain/rear/1418841390273416.jpg 0.08775249 -0.10795369 -0.62587179 -0.76741775 -703.30750043 -56.09946965 491.70403420
night-rain/rear/1418841390398400.jpg 0.08623949 -0.10945433 -0.62603494 -0.76724361 -703.31296605 -52.84789450 493.03526784
night-rain/rear/1418841390523384.jpg 0.08720808 -0.10843316 -0.62722185 -0.76630917 -703.29318578 -54.08602293 493.90756937
night-rain/rear/1418841390648369.jpg 0.08585598 -0.10939036 -0.62668473 -0.76676512 -703.60153547 -52.33428161 494.88491482
night-rain/rear/1418841390773353.jpg 0.08352096 -0.11173742 -0.62668154 -0.76668719 -703.60829330 -47.44657894 496.37727799
night-rain/rear/1418841390898338.jpg 0.08340863 -0.11160645 -0.62665341 -0.76674148 -703.78165599 -47.67765575 497.14590778
night-rain/rear/1418841391023323.jpg 0.08293522 -0.11137661 -0.62595267 -0.76739836 -704.29886951 -48.28657150 497.38927636
night-rain/rear/1418841676363176.jpg 0.76512924 -0.62672781 0.03687479 0.14293268 696.67543965 191.05650455 -467.35413911
night-rain/rear/1418841676488160.jpg 0.76481468 -0.62700518 0.03744997 0.14324978 696.10682530 190.37407007 -467.70523199
night-rain/rear/1418841676738129.jpg 0.76508790 -0.62647546 0.03870400 0.14377413 695.01835045 189.83007206 -468.01072268
night-rain/rear/1418841676863114.jpg 0.76528344 -0.62615074 0.03926512 0.14399566 694.54990252 189.64216516 -468.06509993
night-rain/rear/1418841677113083.jpg 0.76501242 -0.62630663 0.04027406 0.14447837 693.64106262 188.73578340 -468.25612724
night-rain/rear/1418841677238068.jpg 0.76425209 -0.62732348 0.04194341 0.14361320 693.60072409 185.04742007 -469.00595452
night-rain/rear/1418841677363052.jpg 0.76382786 -0.62792237 0.04407947 0.14260961 693.43828881 181.10394357 -470.02084745
night-rain/rear/1418841677613022.jpg 0.76470305 -0.62641779 0.04232316 0.14504741 692.09354236 186.55134024 -468.38030990
night-rain/rear/1418841677738007.jpg 0.76567274 -0.62549001 0.03857784 0.14498017 693.99682714 191.07578049 -463.07345853
night-rain/rear/1418841677987976.jpg 0.76729981 -0.62363411 0.03926194 0.14418738 694.27271196 191.03458275 -461.17423343
snow/rear/1422954899670937.jpg 0.08456654 -0.10749651 -0.62857219 -0.76563046 -705.94534819 -50.08415435 488.01444510
snow/rear/1422954899761812.jpg 0.08350299 -0.10902408 -0.62864954 -0.76546767 -705.65507927 -47.34711575 489.45543339
snow/rear/1422954899943691.jpg 0.08420065 -0.10890018 -0.62889447 -0.76520765 -705.25313116 -48.22458092 491.15314575
snow/rear/1422954900125443.jpg 0.08456654 -0.10879798 -0.62917486 -0.76495131 -705.06751805 -48.77933751 492.58734026
snow/rear/1422954900216445.jpg 0.08308129 -0.11062097 -0.62931351 -0.76473852 -704.78179258 -45.16833525 493.89410469
snow/rear/1422954900398200.jpg 0.08148313 -0.11393419 -0.62930478 -0.76443116 -703.53038419 -40.11800317 497.32506579
snow/rear/1422954900489075.jpg 0.08299849 -0.11239551 -0.62923902 -0.76455003 -703.57659114 -43.62187653 497.65506022
snow/rear/1422954900670954.jpg 0.08303162 -0.11221297 -0.62829312 -0.76535074 -703.73515438 -45.04724945 498.58447176
snow/rear/1422954900852707.jpg 0.08307376 -0.11191403 -0.62738963 -0.76613070 -703.97460660 -46.55944476 499.39283705
snow/rear/1422954900943708.jpg 0.08321508 -0.11257109 -0.62648723 -0.76675730 -703.45186029 -47.09948595 500.80205858
snow/rear/1422955270222664.jpg 0.76131859 -0.62715429 0.05467632 0.15518376 676.73691225 184.89714893 -499.15524189
snow/rear/1422955270949924.jpg 0.76109493 -0.62749980 0.05458480 0.15491611 677.05597963 184.15544447 -497.87356187
snow/rear/1422955271586310.jpg 0.76135406 -0.62737230 0.05396295 0.15437616 677.91200343 184.22051933 -495.77329431
snow/rear/1422955272404450.jpg 0.76158059 -0.62739820 0.05419871 0.15306535 678.97934623 182.47267341 -493.89233299
snow/rear/1422955273404468.jpg 0.76169384 -0.62755199 0.05365165 0.15206084 680.22281127 181.68399901 -491.50476974
snow/rear/1422955275131745.jpg 0.76193258 -0.62761513 0.05369125 0.15058303 681.66492730 179.97806542 -489.27059385
snow/rear/1422955276222765.jpg 0.76217813 -0.62790007 0.05453898 0.14782253 683.75242368 175.79125437 -486.78331098
snow/rear/1422955276768150.jpg 0.76281305 -0.62742868 0.05225658 0.14737283 685.33061313 178.00021541 -482.88080826
snow/rear/1422955277222780.jpg 0.76379349 -0.62704864 0.05120059 0.14424978 688.68776207 176.06910135 -477.77607845
dusk/rear/1424451694744788.jpg 0.08624094 -0.11448362 -0.62835022 -0.76461232 -699.66775399 -45.08222146 498.19026112
dusk/rear/1424451694926663.jpg 0.09003055 -0.11270537 -0.62965268 -0.76336721 -698.19838732 -50.00205395 500.60280356
dusk/rear/1424451695199414.jpg 0.08825248 -0.11777309 -0.62815563 -0.76404287 -695.75631448 -44.67977831 505.67520270
dusk/rear/1424451695381183.jpg 0.08748571 -0.12155143 -0.62886505 -0.76295495 -693.48714021 -39.28270553 510.06970235
dusk/rear/1424451695653920.jpg 0.09089829 -0.12040972 -0.62848707 -0.76304849 -691.90581870 -44.89880564 512.89509883
dusk/rear/1424451695835670.jpg 0.08939239 -0.12184621 -0.62825990 -0.76318543 -691.93561107 -42.09150223 513.92340277
dusk/rear/1424451696108425.jpg 0.08975940 -0.12183903 -0.62673021 -0.76440026 -691.73819603 -44.34237405 515.28856420
dusk/rear/1424452266477508.jpg 0.76228686 -0.62964454 0.03924602 0.14465908 694.74288828 187.94391114 -474.18868645
dusk/rear/1424452266841137.jpg 0.76218649 -0.62927001 0.04173428 0.14611383 692.18650829 187.01245340 -477.22944897
dusk/rear/1424452267204890.jpg 0.76159733 -0.62924359 0.04362339 0.14872458 688.87003661 187.54297681 -480.82542169
dusk/rear/1424452267659396.jpg 0.76194094 -0.62817314 0.04673329 0.15053405 685.59885860 186.98794218 -484.50603149
dusk/rear/1424452268023023.jpg 0.76192601 -0.62765377 0.04821566 0.15229823 683.19448324 187.58404828 -486.79663421
dusk/rear/1424452268477527.jpg 0.76187761 -0.62739581 0.04930010 0.15325306 681.77136615 187.44620160 -487.73530812
dusk/rear/1424452268841158.jpg 0.76107621 -0.62826229 0.05151213 0.15295751 680.94657502 183.88715271 -489.27861591
dusk/rear/1424452269204909.jpg 0.76054586 -0.62902027 0.05437371 0.15148267 680.80986777 178.48257979 -490.46296747
dusk/rear/1424452269659414.jpg 0.76009424 -0.62903080 0.05490674 0.15350000 678.67342070 179.70203636 -491.76114650
dusk/rear/1424452270023040.jpg 0.76110200 -0.62730953 0.05575168 0.15523611 676.57152404 182.09149804 -492.79346751
dusk/rear/1424452270386671.jpg 0.76289170 -0.62517737 0.05483840 0.15537777 676.89036621 185.12171886 -490.26085411
sun/rear/1425998323555061.jpg 0.08160116 -0.10938121 -0.62870204 -0.76557870 -706.71318067 -44.72378049 488.44893998
sun/rear/1425998323736813.jpg 0.08249848 -0.10762667 -0.62874081 -0.76569935 -707.31753505 -47.72667814 488.37400207
sun/rear/1425998323918689.jpg 0.08100309 -0.10555567 -0.62871456 -0.76616872 -709.79659120 -48.49979003 485.72823729
sun/rear/1425998324009565.jpg 0.07857321 -0.10685153 -0.62860739 -0.76633005 -710.60199229 -44.61633342 485.57323588
sun/rear/1425998324191442.jpg 0.07387997 -0.10834782 -0.62899821 -0.76626611 -712.72771361 -37.48724304 484.09833608
sun/rear/1425998324373194.jpg 0.07356120 -0.10257071 -0.62913333 -0.76698061 -716.98840628 -43.19254106 478.40463186
sun/rear/1425998324555072.jpg 0.07003035 -0.09888251 -0.62855449 -0.76826900 -721.92652589 -43.73230425 472.01721032
sun/rear/1425998324736823.jpg 0.06755738 -0.09544108 -0.62805533 -0.76933315 -725.92667733 -45.12805331 466.85491164
sun/rear/1425998324827701.jpg 0.06671769 -0.09284530 -0.62754621 -0.77013911 -728.22804165 -47.53151077 463.52241833
sun/rear/1425998325009576.jpg 0.06326334 -0.09037284 -0.62896005 -0.76957115 -732.11387138 -44.89209707 458.77841093
sun/rear/1425998624285602.jpg 0.76284713 -0.62913532 0.04041349 0.14359579 694.92083130 186.38567775 -473.73032273
sun/rear/1425998624376478.jpg 0.76302408 -0.62889447 0.04074617 0.14361668 694.70040593 186.13987568 -473.28607733
sun/rear/1425998624558355.jpg 0.76247557 -0.62950338 0.04156320 0.14362799 694.33706122 184.39174369 -473.01602224
sun/rear/1425998624649231.jpg 0.76268293 -0.62928670 0.04232907 0.14325240 694.27543719 183.27929967 -472.75894463
sun/rear/1425998624830983.jpg 0.76303031 -0.62874498 0.04215151 0.14383237 693.81373595 184.29139853 -471.53287835
sun/rear/1425998624921984.jpg 0.76291759 -0.62890997 0.04263508 0.14356619 693.84496250 183.31916794 -471.28239705
sun/rear/1425998625012859.jpg 0.76233342 -0.62969060 0.04318854 0.14308127 694.00798251 181.32768072 -470.94756596
sun/rear/1425998625194737.jpg 0.76114338 -0.63143626 0.04688017 0.14053914 694.50298434 172.93979935 -471.95336513
overcast-summer/rear/1432294684649419.jpg 0.08058691 -0.10983966 -0.62830665 -0.76594500 -707.25578796 -43.65523353 488.27323988
overcast-summer/rear/1432294684831171.jpg 0.08319255 -0.10966768 -0.62940369 -0.76478951 -705.54162744 -45.93878916 491.90417805
overcast-summer/rear/1432294685013049.jpg 0.08177714 -0.11171168 -0.62862310 -0.76528818 -705.06095202 -43.33760166 494.11245370
overcast-summer/rear/1432294685103927.jpg 0.08034146 -0.11366948 -0.62870919 -0.76508120 -704.67626444 -39.69686027 495.60436457
overcast-summer/rear/1432294685194929.jpg 0.08029010 -0.11452511 -0.62871456 -0.76495457 -704.08520670 -38.87564399 497.20759647
overcast-summer/rear/1432294685376680.jpg 0.08109562 -0.11409645 -0.62861236 -0.76501765 -703.84800520 -40.59760444 498.77482288
overcast-summer/rear/1432294685467557.jpg 0.08159197 -0.11330380 -0.62764182 -0.76587907 -704.09655791 -43.11944929 498.95724944
overcast-summer/rear/1432295009744587.jpg 0.76204249 -0.62916194 0.04416730 0.14661429 690.51441369 185.30835725 -481.36603335
overcast-summer/rear/1432295009926463.jpg 0.76198786 -0.62900556 0.04516082 0.14726507 689.41151964 184.83927539 -481.79211091
overcast-summer/rear/1432295010108216.jpg 0.76130562 -0.62969894 0.04658058 0.14738809 688.63607498 182.52023624 -482.32005311
overcast-summer/rear/1432295010199216.jpg 0.76134519 -0.62967809 0.04713279 0.14709691 688.59974002 181.57216193 -482.14473857
overcast-summer/rear/1432295010380970.jpg 0.76193176 -0.62907472 0.04734976 0.14657080 688.95257547 181.17601969 -480.61615557
overcast-summer/rear/1432295010471846.jpg 0.76205987 -0.62898549 0.04699202 0.14640270 689.26376829 181.33665691 -479.40255115
overcast-summer/rear/1432295010653723.jpg 0.76165150 -0.62966777 0.04738143 0.14546649 689.94454577 179.16596123 -478.09145496
overcast-summer/rear/1432295010835475.jpg 0.76046663 -0.63155008 0.05016473 0.14254298 691.18027396 171.20745296 -478.01998679
overcast-summer/rear/1432295011017353.jpg 0.76020573 -0.63187281 0.04983222 0.14262100 691.28313159 171.10704717 -476.80618938
overcast-summer/rear/1432295011108228.jpg 0.76097043 -0.63080940 0.04838388 0.14374457 690.97936159 174.63811838 -475.25846172
overcast-winter/rear/1447412147273894.jpg 0.09115235 -0.11075310 -0.62799582 -0.76488316 -698.72259885 -54.58859696 497.10858862
overcast-winter/rear/1447412147546607.jpg 0.08875951 -0.11364308 -0.62818449 -0.76458567 -698.37482723 -48.91896568 499.39843882
overcast-winter/rear/1447412147728458.jpg 0.09009994 -0.11176091 -0.62885690 -0.76415345 -698.73420448 -51.83867572 499.39067481
overcast-winter/rear/1447412148001044.jpg 0.08887351 -0.11162661 -0.62856742 -0.76455477 -699.71293353 -51.20583809 499.18719659
overcast-winter/rear/1447412148182896.jpg 0.08635971 -0.11424754 -0.62920188 -0.76393357 -699.64482284 -45.15248413 500.70325378
overcast-winter/rear/1447412148364747.jpg 0.08535953 -0.11541989 -0.62927081 -0.76381297 -699.42795400 -42.84799217 502.02580816
overcast-winter/rear/1447412148637336.jpg 0.08719948 -0.11256443 -0.62913095 -0.76414642 -700.20405764 -48.24407137 501.52677003
overcast-winter/rear/1447412660114034.jpg 0.76456262 -0.62706060 0.04254409 0.14293005 693.88847561 185.02669719 -474.28228752
overcast-winter/rear/1447412660386747.jpg 0.76373523 -0.62804538 0.04263801 0.14300175 693.81158722 183.83155248 -473.88546123
overcast-winter/rear/1447412660659461.jpg 0.76319083 -0.62866426 0.04265267 0.14318432 693.67278723 183.19570167 -473.40789233
overcast-winter/rear/1447412661023035.jpg 0.76302261 -0.62886803 0.04418710 0.14272001 693.30308549 180.70407042 -473.67405823
overcast-winter/rear/1447412661295749.jpg 0.76274504 -0.62887320 0.04401136 0.14422725 692.06840064 182.19120591 -473.92086154
overcast-winter/rear/1447412661568339.jpg 0.76202772 -0.62974340 0.04604074 0.14358708 691.66697873 178.49750812 -475.04135753
overcast-winter/rear/1447412661931914.jpg 0.76083392 -0.63101565 0.04961099 0.14314241 690.27806328 172.85396415 -477.95708299
overcast-winter/rear/1447412662295615.jpg 0.76110167 -0.63016010 0.04847422 0.14585181 688.42002974 177.39565254 -477.88206871
overcast-winter/rear/1447412662659190.jpg 0.76224832 -0.62873444 0.05224940 0.14470833 687.42370761 173.51152021 -479.64206648
overcast-winter/rear/1447412663022766.jpg 0.76370397 -0.62703728 0.04665029 0.14630191 688.87054418 182.36383580 -473.29627651
rain/rear/1416908649027307.jpg 0.10595046 -0.08901966 -0.63028525 -0.76393095 -705.96497117 -111.14385194 589.69165148
rain/rear/1416908649209154.jpg 0.10697430 -0.08898314 -0.63335890 -0.76124569 -705.06944774 -108.62958645 592.41682620
rain/rear/1416908649391003.jpg 0.10720774 -0.09256079 -0.63425034 -0.76004309 -702.08426084 -104.08571996 597.77217415
rain/rear/1416908649572728.jpg 0.10926230 -0.09519322 -0.63072320 -0.76235704 -698.06925878 -108.18130374 602.68084644
rain/rear/1416908649754575.jpg 0.11364748 -0.09623799 -0.62840453 -0.76349869 -693.16516858 -114.88100342 608.10695496
rain/rear/1416908947984302.jpg 0.76388252 -0.61231324 0.11067068 0.17119579 614.47456334 181.17170708 -667.72312444
rain/rear/1416908948257013.jpg 0.76730812 -0.61149918 0.09999375 0.16525208 629.84687905 187.68505872 -650.22630840
rain/rear/1416908948438861.jpg 0.76876687 -0.61163796 0.09545942 0.16057397 638.65067536 187.56531709 -640.85797297
rain/rear/1416908948711571.jpg 0.76811409 -0.61551665 0.08851412 0.15266057 652.82759910 181.81963103 -626.97451549
rain/rear/1416908948984158.jpg 0.76769037 -0.61814885 0.08252878 0.14741947 662.97981675 179.30233761 -615.83887650
rain/rear/1416908949256866.jpg 0.76975240 -0.61732751 0.07837251 0.14228756 671.46220563 179.28765858 -605.40992805
rain/rear/1416908949438718.jpg 0.77032136 -0.61724266 0.07650490 0.14058272 674.57190279 179.46319666 -601.11848355
rain/rear/1416908949711429.jpg 0.76962215 -0.61860589 0.07540391 0.13900629 677.03062344 177.00318005 -597.85564769
rain/rear/1416908949984014.jpg 0.76964521 -0.61851374 0.07834379 0.13765627 676.32803027 172.46385681 -599.02251768
night/rear/1418236854123715.jpg 0.76505490 -0.61426379 0.09914131 0.16595783 630.33618075 185.17015390 -649.39431561
night/rear/1418236854305437.jpg 0.76548367 -0.61554305 0.09526935 0.16144736 638.41217727 183.02579084 -640.93764297
night/rear/1418236854487288.jpg 0.76572156 -0.61680507 0.09393349 0.15620019 645.20674480 177.37798736 -634.53969232
dawn/rear/1418722737876684.jpg 0.11045474 -0.09482484 -0.63140261 -0.76166840 -697.39808222 -107.82032189 598.80554734
dawn/rear/1418722738149393.jpg 0.11059837 -0.09577056 -0.63072657 -0.76208923 -696.48567953 -108.02362123 601.02177056
dawn/rear/1418722738331118.jpg 0.11075649 -0.09352272 -0.63127213 -0.76189369 -698.14005524 -110.09240004 599.60332372
dawn/rear/1418722738603830.jpg 0.11063566 -0.09507497 -0.63343015 -0.75992549 -697.06345838 -105.76964767 602.96211292
dawn/rear/1418722738785680.jpg 0.11018507 -0.09839842 -0.63207852 -0.76069294 -694.81893518 -103.53670230 606.76618247
dawn/rear/1418722738967404.jpg 0.11417092 -0.09752179 -0.63045301 -0.76156648 -691.74695041 -111.21883289 609.83060231
dawn/rear/1418722739240115.jpg 0.11785054 -0.10131757 -0.62735935 -0.76306373 -685.11604753 -115.34199864 617.77239489
dawn/rear/1418722739421964.jpg 0.12112494 -0.10438750 -0.62876367 -0.76097848 -679.34746709 -113.77845199 625.13631435
dawn/rear/1418722739694549.jpg 0.13104770 -0.10992270 -0.62720132 -0.75984340 -664.80338467 -120.48241127 640.48439851
dawn/rear/1418722739876399.jpg 0.13897032 -0.11655149 -0.62463890 -0.75955859 -651.08772908 -125.29219944 654.58549018
dawn/rear/1418723039561090.jpg 0.76049967 -0.61532410 0.10420053 0.17932861 611.30653062 191.51364614 -667.67684223
dawn/rear/1418723039742940.jpg 0.76290088 -0.61377663 0.09936171 0.17716588 617.63264554 196.58263344 -659.39375466
dawn/rear/1418723039924664.jpg 0.76308781 -0.61567808 0.09840732 0.17015728 626.48070708 188.02942326 -652.48843009
dawn/rear/1418723040106514.jpg 0.76467738 -0.61525320 0.09622110 0.16575132 633.09549098 186.57502960 -645.55023942
dawn/rear/1418723040288237.jpg 0.76423867 -0.61721127 0.09513543 0.16105511 639.17758826 180.36833573 -640.35418938
dawn/rear/1418723040560949.jpg 0.76658708 -0.61645945 0.09194428 0.15449353 648.80327842 178.00210722 -629.86542714
dawn/rear/1418723040742799.jpg 0.76595790 -0.61841370 0.08947625 0.15121839 654.24553379 174.75694709 -624.16575649
dawn/rear/1418723040924523.jpg 0.76585948 -0.61886448 0.08840390 0.15050166 655.81001727 174.41914154 -621.84061841
night-rain/rear/1418841402396921.jpg 0.11562764 -0.09912997 -0.63266045 -0.75930511 -688.56854569 -107.14574522 607.37025226
night-rain/rear/1418841402521906.jpg 0.11582746 -0.09858752 -0.63272150 -0.75929441 -688.84022109 -108.04221163 607.80857772
night-rain/rear/1418841402646891.jpg 0.11560601 -0.09908708 -0.63261619 -0.75935087 -688.64678139 -107.58559066 609.12723847
night-rain/rear/1418841402896859.jpg 0.11722095 -0.09791706 -0.63287578 -0.75903870 -688.01907606 -110.55911655 610.97701648
night-rain/rear/1418841403021844.jpg 0.11814504 -0.09855075 -0.63460322 -0.75736930 -686.64119361 -108.79321472 613.65950911
night-rain/rear/1418841403146829.jpg 0.11719428 -0.10127191 -0.63451556 -0.75723147 -685.34144796 -105.07231856 616.69208563
night-rain/rear/1418841403271814.jpg 0.11900105 -0.10204043 -0.63186332 -0.75906209 -682.95399264 -109.87614524 619.29533805
night-rain/rear/1418841403521780.jpg 0.12433724 -0.10324607 -0.62847494 -0.76085462 -676.68666748 -118.99369486 625.93718249
night-rain/rear/1418841661365022.jpg 0.76554082 -0.61489328 0.09849239 0.16171812 635.30834286 181.58959698 -648.06770916
night-rain/rear/1418841661490007.jpg 0.76719522 -0.61331069 0.09742690 0.16052881 637.40950511 183.48008550 -644.50937068
night-rain/rear/1418841661739976.jpg 0.76654207 -0.61474365 0.09353208 0.16048442 640.56639794 185.31583528 -639.22646889
night-rain/rear/1418841661864961.jpg 0.76576889 -0.61604789 0.09244728 0.15980144 642.16517443 183.96584960 -637.18988020
night-rain/rear/1418841661989946.jpg 0.76485587 -0.61742894 0.09315042 0.15842980 643.14477164 179.83667105 -636.40306978
night-rain/rear/1418841662114930.jpg 0.76668556 -0.61588696 0.09178916 0.15636895 646.44966290 181.10783936 -631.88987727
night-rain/rear/1418841662364899.jpg 0.76751645 -0.61610105 0.08966605 0.15263682 652.07478023 179.02884313 -624.96160777
night-rain/rear/1418841662489884.jpg 0.76612156 -0.61830272 0.08976497 0.15067100 654.14199406 173.90714824 -623.38256416
snow/rear/1422954936853307.jpg 0.11224861 -0.10013616 -0.63408221 -0.75849374 -691.21894707 -100.43749413 605.59549394
snow/rear/1422954937035183.jpg 0.11174860 -0.10058454 -0.63461268 -0.75806448 -691.36916685 -98.84094600 606.59803558
snow/rear/1422954937307939.jpg 0.11362988 -0.10370511 -0.63352249 -0.75827617 -686.99455759 -99.13429866 612.92047203
snow/rear/1422954937489690.jpg 0.11609910 -0.10228392 -0.63254605 -0.75891007 -685.83801466 -104.80031340 614.21659436
snow/rear/1422954937671568.jpg 0.11589974 -0.10302306 -0.63497342 -0.75681058 -685.44104473 -100.76607867 616.29911077
snow/rear/1422954937853323.jpg 0.11370356 -0.10628499 -0.63596973 -0.75585548 -684.87287627 -93.73665297 618.97545545
snow/rear/1422954938126076.jpg 0.11643024 -0.10646831 -0.63326930 -0.75767968 -682.04866076 -100.24979315 622.37369918
snow/rear/1422954938307954.jpg 0.11670154 -0.10759995 -0.63141963 -0.75902059 -680.88359944 -101.92577798 624.22672055
snow/rear/1422954938489709.jpg 0.11722201 -0.10813649 -0.63185916 -0.75849819 -679.92269697 -101.46514675 626.15640105
snow/rear/1422954938762462.jpg 0.12166347 -0.10920852 -0.63137192 -0.75805079 -674.66434027 -105.86121070 632.22235570
snow/rear/1422955248404044.jpg 0.76355894 -0.61645985 0.10500833 0.16102251 630.92418708 171.58120318 -654.79580058
snow/rear/1422955248585923.jpg 0.76595398 -0.61480973 0.10099752 0.15850237 636.90676479 175.37876723 -646.78446120
snow/rear/1422955248767675.jpg 0.76555307 -0.61669644 0.09615612 0.15610253 643.40933634 175.41548171 -639.10681533
snow/rear/1422955248949553.jpg 0.76442348 -0.61906765 0.09326173 0.15399432 647.96675338 173.10751093 -633.90606224
snow/rear/1422955249040431.jpg 0.76322146 -0.62064080 0.09387758 0.15324816 648.31606912 169.51276908 -633.97078692
snow/rear/1422955249222306.jpg 0.76526744 -0.61929900 0.09168560 0.14976064 653.74098946 169.90905023 -626.91049279
dusk/rear/1424451760290901.jpg 0.10173003 -0.09458594 -0.63437292 -0.76044428 -705.71914427 -94.84746749 591.44290252
dusk/rear/1424451760563654.jpg 0.10472703 -0.09666566 -0.63294925 -0.76096206 -701.30021338 -97.95667806 597.51049031
dusk/rear/1424451760745408.jpg 0.10644834 -0.09505919 -0.63382154 -0.76019915 -701.00798176 -100.64905129 598.32367521
dusk/rear/1424451760927285.jpg 0.10563025 -0.09757177 -0.63486357 -0.75912466 -699.78913942 -95.88538397 601.43881620
dusk/rear/1424451761200036.jpg 0.10769169 -0.10069757 -0.63298934 -0.75999145 -695.29595657 -97.48087816 607.71477940
dusk/rear/1424451761381789.jpg 0.11162549 -0.10135951 -0.63204450 -0.76012219 -691.03624740 -102.43125184 612.61823288
dusk/rear/1424451761563666.jpg 0.11430879 -0.10402163 -0.62978052 -0.76124208 -686.28934028 -105.58456886 618.27854894
dusk/rear/1424451761836293.jpg 0.11910290 -0.10880487 -0.63075669 -0.75902701 -677.62029506 -104.42636137 629.17337835
dusk/rear/1424451762018171.jpg 0.12690449 -0.11184699 -0.62734899 -0.76014390 -667.34872918 -114.12844479 639.36912427
dusk/rear/1424452158567463.jpg 0.75930906 -0.61680244 0.11542205 0.17228537 609.60283656 170.81771160 -675.60044760
dusk/rear/1424452158749214.jpg 0.76215254 -0.61555544 0.11235658 0.16610539 619.14132738 169.75671908 -666.06931956
dusk/rear/1424452158931092.jpg 0.76432765 -0.61464929 0.10527939 0.16409068 627.21922324 176.39812975 -655.66140792
dusk/rear/1424452159112843.jpg 0.76365699 -0.61777302 0.09977475 0.15883797 637.52687872 172.75151563 -645.54312838
dusk/rear/1424452159294721.jpg 0.76384046 -0.61938336 0.09569875 0.15412252 645.90004891 170.20839616 -636.75773064
dusk/rear/1424452159476472.jpg 0.76328795 -0.62121574 0.09353342 0.15077798 651.19875055 166.56119977 -631.21794795
dusk/rear/1424452159658348.jpg 0.76528655 -0.62000040 0.09023857 0.14762452 657.10008868 168.27981951 -623.46164858
dusk/rear/1424452159840099.jpg 0.76508578 -0.62101630 0.08864113 0.14534528 660.74719903 166.15296445 -619.12351758
sun/rear/1425998342373392.jpg 0.09920307 -0.09371633 -0.63587794 -0.75962836 -708.34397616 -91.23459977 588.45291964
sun/rear/1425998342737021.jpg 0.10014989 -0.08893818 -0.63388919 -0.76173782 -711.19127584 -100.19292735 584.49588009
sun/rear/1425998343100650.jpg 0.09644947 -0.08726683 -0.63589347 -0.76073747 -715.84507931 -95.53893908 580.56838843
sun/rear/1425998343464279.jpg 0.09380698 -0.08627137 -0.63723602 -0.76005773 -719.04156451 -92.21430039 578.14760833
sun/rear/1425998343918910.jpg 0.09228895 -0.08479534 -0.63522221 -0.76209268 -721.52434000 -94.82814849 575.66724211
sun/rear/1425998344373412.jpg 0.09026350 -0.08461383 -0.63342521 -0.76384913 -723.53830705 -95.16053283 574.14802177
sun/rear/1425998345009794.jpg 0.08926225 -0.08302861 -0.63372490 -0.76389217 -725.60934162 -95.55836894 572.46865349
sun/rear/1425998346918942.jpg 0.08984431 -0.08132343 -0.63184057 -0.76556646 -726.48678804 -100.52171962 571.42267573
sun/rear/1425998348282582.jpg 0.09005415 -0.08194358 -0.62963938 -0.76728727 -726.00939498 -103.02542783 572.64452293
sun/rear/1425998349009840.jpg 0.10149507 -0.09268360 -0.62821951 -0.76579942 -707.23262231 -106.29738143 596.20712158
overcast-summer/rear/1432294700558753.jpg 0.10354830 -0.09902146 -0.63341633 -0.76043162 -700.48641611 -93.60037455 598.73536795
overcast-summer/rear/1432294700740507.jpg 0.10191295 -0.09477737 -0.63389688 -0.76079284 -705.43384720 -96.00021027 593.55376120
overcast-summer/rear/1432294700922383.jpg 0.09977725 -0.09192116 -0.63525822 -0.76029073 -709.69167289 -95.25236149 589.58620734
overcast-summer/rear/1432294701104136.jpg 0.09560073 -0.09223069 -0.63648645 -0.75976246 -713.26872848 -88.89109444 587.27701687
overcast-summer/rear/1432294701376887.jpg 0.09639113 -0.08932945 -0.63394262 -0.76213237 -714.90400224 -96.42928325 585.58660515
overcast-summer/rear/1432294701558768.jpg 0.09750513 -0.08974547 -0.63177468 -0.76374030 -713.58803252 -100.15744671 587.45910380
overcast-summer/rear/1432294701740520.jpg 0.09916148 -0.09188036 -0.63354755 -0.76180214 -710.36188359 -97.55562080 592.59369403
overcast-summer/rear/1432294996926289.jpg 0.76009161 -0.61821376 0.11227310 0.16573247 619.31161953 166.25982345 -668.85863720
overcast-summer/rear/1432294997017165.jpg 0.76265228 -0.61683993 0.10746162 0.16224056 627.22890078 169.82888622 -659.96276976
overcast-summer/rear/1432294997199042.jpg 0.76574523 -0.61538870 0.10187615 0.15669158 637.87284579 171.98497557 -647.82937237
overcast-summer/rear/1432294997380794.jpg 0.76815591 -0.61407573 0.09673159 0.15326611 645.68039929 175.56512268 -637.87746442
overcast-summer/rear/1432294997471671.jpg 0.76829145 -0.61468671 0.09390288 0.15189059 649.37794721 176.25648905 -633.23509244
overcast-summer/rear/1432294997653546.jpg 0.76691606 -0.61764492 0.08937701 0.14955350 655.44758478 174.60025882 -626.16376579
overcast-summer/rear/1432294997835300.jpg 0.76586161 -0.61967451 0.08843359 0.14710201 658.78630262 170.29030718 -622.55951502
overcast-summer/rear/1432294998017178.jpg 0.76806722 -0.61804227 0.08648266 0.14358708 663.96117828 170.65713414 -615.65922554
overcast-winter/rear/1447412177269858.jpg 0.12208604 -0.10911920 -0.63458569 -0.75530722 -672.42633128 -100.32330822 623.95675845
overcast-winter/rear/1447412177542570.jpg 0.12631706 -0.11188834 -0.63683397 -0.75230812 -665.97986294 -98.83985325 632.03358732
overcast-winter/rear/1447412177815285.jpg 0.13136495 -0.11585659 -0.63385704 -0.75335632 -657.59674705 -103.89855699 641.08061689
overcast-winter/rear/1447412177997008.jpg 0.13508978 -0.11867287 -0.63670578 -0.74984882 -651.35769884 -100.83502913 648.60263876
overcast-winter/rear/1447412178269723.jpg 0.13697445 -0.12377803 -0.64018786 -0.74570537 -644.88320198 -92.43447430 657.39131504
overcast-winter/rear/1447412178542436.jpg 0.14266306 -0.12596924 -0.63689265 -0.74709220 -637.14487860 -100.48719014 664.76295221
overcast-winter/rear/1447412178815149.jpg 0.14841159 -0.12792381 -0.62646189 -0.75442362 -629.40678819 -118.84719215 670.18615901
overcast-winter/rear/1447412178996875.jpg 0.15161217 -0.12914043 -0.62618747 -0.75380750 -624.89762567 -121.17970698 674.69068463
overcast-winter/rear/1447412179269588.jpg 0.15644168 -0.13133354 -0.62560770 -0.75292264 -617.63336682 -124.53371762 681.80899315
overcast-winter/rear/1447412583033523.jpg 0.76419713 -0.62452002 0.07380210 0.14328555 674.47880720 176.68460731 -608.79793684
overcast-winter/rear/1447412583215249.jpg 0.76962816 -0.61738400 0.07481978 0.14460809 672.21511483 185.90450977 -607.66194079
overcast-winter/rear/1447412583306237.jpg 0.77382201 -0.61189378 0.07494665 0.14549399 670.99260844 193.54938549 -606.05238882
overcast-winter/rear/1447412583487962.jpg 0.77431276 -0.61102639 0.07671538 0.14560649 669.58498305 192.68028944 -606.85538281
overcast-winter/rear/1447412583760676.jpg 0.76644993 -0.62089009 0.08056364 0.14338584 669.36627297 173.54094766 -611.34721865
overcast-winter/rear/1447412583942402.jpg 0.76479098 -0.62242650 0.08449704 0.14331870 666.52655701 167.10835583 -615.20960012
overcast-winter/rear/1447412584124251.jpg 0.76937995 -0.61681318 0.08295481 0.14392533 666.94203758 176.37837900 -611.22128474
overcast-winter/rear/1447412584306102.jpg 0.76303670 -0.62456745 0.08541370 0.14281106 666.55693085 162.42993267 -614.49716503
overcast-winter/rear/1447412584487826.jpg 0.75473240 -0.63445843 0.08838552 0.14152562 665.89028956 144.90983082 -618.71432542
overcast-winter/rear/1447412584669679.jpg 0.75445278 -0.63451793 0.08757283 0.14324455 664.71885829 147.28528735 -618.43118715
rain/rear/1416908887629352.jpg 0.48110888 -0.42522964 0.45944124 0.61370005 -548.57358910 145.13314374 -849.78607621
rain/rear/1416908887720340.jpg 0.48072939 -0.42463249 0.45944178 0.61441008 -550.09372933 145.44938345 -848.20290837
rain/rear/1416908887902064.jpg 0.48028663 -0.42366172 0.45921264 0.61559666 -552.28253671 146.23485899 -845.18808665
rain/rear/1416908887992925.jpg 0.47863217 -0.42315866 0.46096339 0.61592268 -555.84805323 143.51297067 -842.65817628
rain/rear/1416908888174774.jpg 0.47789512 -0.42297547 0.46101871 0.61657907 -557.30819478 142.56775577 -840.48712565
rain/rear/1416908888265637.jpg 0.47919281 -0.42571264 0.45888915 0.61527534 -550.95450346 141.56938762 -844.25114838
dawn/rear/1418722953027870.jpg 0.48700180 -0.42687381 0.45938900 0.60792249 -536.45917332 150.19097661 -859.17919482
dawn/rear/1418722953118856.jpg 0.48678974 -0.42679181 0.45863193 0.60872100 -536.91404356 150.47115968 -857.96606200
dawn/rear/1418722953300581.jpg 0.48610004 -0.42654044 0.45797516 0.60994160 -538.42264562 150.24130519 -855.62051864
dawn/rear/1418722953391568.jpg 0.48617667 -0.42594160 0.45781410 0.61041973 -539.21809081 151.23120929 -854.33172329
dawn/rear/1418722953573292.jpg 0.48482652 -0.42594982 0.45756612 0.61167250 -541.43806991 149.50842889 -851.81091475
snow/rear/1422955223403633.jpg 0.48438260 -0.42460276 0.46396713 0.60812869 -544.40482507 146.20647220 -851.82013111
snow/rear/1422955223494498.jpg 0.48468856 -0.42357054 0.46430970 0.60834324 -545.46675998 147.74041195 -850.31894446
snow/rear/1422955223676375.jpg 0.48299431 -0.42351210 0.46524348 0.60901765 -548.43946742 144.80600882 -847.50068261
snow/rear/1422955223767252.jpg 0.48270436 -0.42387616 0.46492849 0.60923477 -548.33842625 143.98248428 -846.89101874
dusk/rear/1424451979474739.jpg 0.49303981 -0.42682286 0.46063407 0.60212146 -526.95163805 154.98139371 -860.30471053
dusk/rear/1424451979747491.jpg 0.49224333 -0.42742602 0.46147643 0.60170009 -527.50491153 152.22017782 -859.29179095
overcast-winter/rear/1447412551855840.jpg 0.48736665 -0.43384358 0.45656462 0.60481588 -525.08511713 141.15374309 -863.33500481
night/rear/1418236792859751.jpg 0.09166106 -0.13635890 0.61212601 0.77350259 -1026.02083229 -91.44933216 -52.04534604
night/rear/1418236792950612.jpg 0.08910107 -0.13434284 0.61232508 0.77399677 -1026.20372038 -93.18790780 -44.67845740
night/rear/1418236793132463.jpg 0.08453550 -0.13093032 0.61291700 0.77462491 -1026.37094233 -96.41492589 -31.90495990
night/rear/1418236793314187.jpg 0.07943708 -0.12798730 0.61525747 0.77380052 -1026.35115471 -100.46542676 -18.84504797
night/rear/1418236793405174.jpg 0.07741124 -0.12635466 0.61546690 0.77410755 -1026.33560401 -101.73517116 -13.00690822
night/rear/1418236793586898.jpg 0.07260854 -0.12359612 0.61590868 0.77466670 -1025.99526493 -106.13378346 -1.00382819
night/rear/1418236793677884.jpg 0.07039354 -0.12243672 0.61452644 0.77615156 -1025.66450493 -108.88104881 4.01141422
dawn/rear/1418722901762521.jpg 0.09007913 -0.11795444 0.61424283 0.77503435 -1030.63020024 -70.64931348 -19.63044325
dawn/rear/1418722901944246.jpg 0.08945250 -0.11771470 0.61404173 0.77530268 -1030.52685187 -71.69059846 -17.22214456
dawn/rear/1418722902035109.jpg 0.08951117 -0.11776990 0.61412275 0.77522335 -1030.55203087 -71.74710751 -16.83421979
dawn/rear/1418722902216956.jpg 0.08948324 -0.11762546 0.61590401 0.77383412 -1030.72272597 -71.23823304 -14.93408490
dawn/rear/1418722902307820.jpg 0.08949581 -0.11787069 0.61600568 0.77371442 -1030.72282157 -71.60030508 -14.78948491
dawn/rear/1418722902489669.jpg 0.08985405 -0.11911444 0.61505874 0.77423559 -1030.54145609 -73.13329276 -16.29511521
night-rain/rear/1418841609996348.jpg 0.06894382 -0.12233867 0.61393098 0.77676814 -1024.98383413 -109.97413560 0.28094773
night-rain/rear/1418841610121330.jpg 0.06603219 -0.11994478 0.61412316 0.77724240 -1024.79089344 -111.82343769 8.87155029
night-rain/rear/1418841610246316.jpg 0.06378283 -0.11745105 0.61440276 0.77759003 -1024.61128114 -112.48167770 16.74097177
night-rain/rear/1418841610371301.jpg 0.06066300 -0.11546428 0.61480729 0.77781746 -1024.26480489 -115.01402300 24.99488638
night-rain/rear/1418841610496285.jpg 0.05806462 -0.11263214 0.61672725 0.77691055 -1024.09219112 -115.12133614 34.24337973
night-rain/rear/1418841610746255.jpg 0.05304244 -0.10990223 0.61585347 0.77835243 -1023.05939500 -120.49513442 46.57238024
snow/rear/1422955166220904.jpg 0.06965630 -0.10560066 0.62127651 0.77331236 -1027.86155933 -85.29310174 27.36627593
snow/rear/1422955166402658.jpg 0.06821107 -0.10449761 0.62137328 0.77351325 -1027.70490864 -86.38581029 32.01399428
snow/rear/1422955166584536.jpg 0.06754073 -0.10320489 0.62124693 0.77384705 -1027.66026716 -86.09100114 35.82342508
snow/rear/1422955166766290.jpg 0.06622311 -0.10263771 0.62146279 0.77386304 -1027.51778753 -87.49971534 39.28534783
snow/rear/1422955167039044.jpg 0.06467418 -0.10041041 0.62276139 0.77324204 -1027.42325455 -86.92378909 46.37680385
snow/rear/1422955167220921.jpg 0.06308724 -0.09927235 0.62301645 0.77331462 -1027.06350542 -88.16570393 51.19040538
snow/rear/1422955167402675.jpg 0.06296825 -0.09885090 0.62151911 0.77458215 -1026.98041562 -88.62617919 52.45257624
snow/rear/1422955167675429.jpg 0.06078651 -0.09777270 0.62222946 0.77432293 -1026.58439367 -90.69673464 58.33090916
dusk/rear/1424451912565098.jpg 0.07076192 -0.11779962 0.61803459 0.77404732 -1026.25476529 -100.45569756 8.36005894
dusk/rear/1424451912655975.jpg 0.06932532 -0.11681609 0.61837610 0.77405362 -1026.17548886 -101.45211129 12.39510594
dusk/rear/1424451912837726.jpg 0.06608706 -0.11365078 0.62057635 0.77304657 -1026.04037200 -102.13283729 23.50368333
dusk/rear/1424451912928727.jpg 0.06464325 -0.11233544 0.62099738 0.77302280 -1025.88180817 -102.79081897 28.32842154
dusk/rear/1424451913110479.jpg 0.06170089 -0.11151233 0.61959664 0.77450500 -1025.24553763 -107.29664698 34.42128172
dusk/rear/1424451913201479.jpg 0.05978921 -0.11018280 0.61998407 0.77453518 -1024.81435332 -108.60476336 40.00331516
sun/rear/1425998549830167.jpg 0.10153940 -0.12808298 0.61750931 0.76939375 -1029.27205408 -63.47644722 -52.02024046
sun/rear/1425998550012043.jpg 0.09787747 -0.12557667 0.61863277 0.76937897 -1029.54127530 -66.15304679 -41.76899060
sun/rear/1425998550102920.jpg 0.09604947 -0.12432216 0.61892285 0.76957976 -1029.63843862 -67.56059737 -36.70281423
sun/rear/1425998550284797.jpg 0.09244458 -0.12166963 0.61922774 0.77019965 -1029.72613635 -70.14193208 -26.46477018
sun/rear/1425998550375672.jpg 0.09065732 -0.12054356 0.61952663 0.77034878 -1029.77763855 -71.55814086 -21.70255220
sun/rear/1425998550557549.jpg 0.08722528 -0.11759358 0.62140667 0.76968646 -1029.91189355 -72.97808060 -10.99305526
sun/rear/1425998550739302.jpg 0.08386745 -0.11579400 0.62227185 0.76963352 -1029.76210765 -76.01370318 -2.45946880
sun/rear/1425998550921178.jpg 0.08188864 -0.11432957 0.62155993 0.77064016 -1029.60974525 -77.79114016 3.29384534
sun/rear/1425998551102930.jpg 0.07919438 -0.11253999 0.62267227 0.77028712 -1029.44365395 -79.64737270 10.88766927
sun/rear/1425998551284807.jpg 0.07803525 -0.11030186 0.62329969 0.77022172 -1029.48472098 -78.65969989 17.06738933
overcast-winter/rear/1447412520405570.jpg 0.07392733 -0.11907246 0.61785900 0.77369681 -1026.62794571 -96.70163312 1.03400374
overcast-winter/rear/1447412520587297.jpg 0.07150175 -0.11696153 0.61840480 0.77381070 -1026.50476093 -97.93775476 8.50342886
overcast-winter/rear/1447412520860008.jpg 0.06778090 -0.11445195 0.61883217 0.77417908 -1026.20797116 -100.76465551 18.53725849
overcast-winter/rear/1447412521041860.jpg 0.06467032 -0.11162101 0.62069578 0.77336618 -1025.99256744 -101.66740929 28.34177933
overcast-winter/rear/1447412521314570.jpg 0.05841019 -0.10709458 0.62081136 0.77441091 -1024.86680050 -106.19584777 44.95770638
overcast-winter/rear/1447412521496297.jpg 0.05470603 -0.10443539 0.61982034 0.77583713 -1024.09008290 -109.34639459 54.48666212
rain/rear/1416908846998822.jpg 0.14497069 -0.04801562 -0.61953127 -0.76997338 -894.05450905 -197.22998079 429.64079988
rain/rear/1416908847089808.jpg 0.14403732 -0.04803384 -0.61853719 -0.77094601 -894.84678612 -196.86194319 428.93797249
rain/rear/1416908847271532.jpg 0.14273577 -0.04839421 -0.61701013 -0.77238786 -895.77278410 -196.10052658 428.63521221
rain/rear/1416908847453380.jpg 0.14264554 -0.04820529 -0.61630289 -0.77298076 -895.98179263 -197.18141031 429.19083806
rain/rear/1416908847544241.jpg 0.14188552 -0.04795310 -0.61513942 -0.77406234 -896.72900834 -197.48386627 428.10314179
rain/rear/1416908847726092.jpg 0.13984545 -0.04790877 -0.61318248 -0.77598663 -898.42478770 -196.53708833 426.28968129
rain/rear/1416908847907817.jpg 0.13914651 -0.04530177 -0.61069858 -0.77822442 -899.98511127 -201.00687627 422.13042588
night/rear/1418236778589048.jpg 0.15051661 -0.04789833 -0.62031423 -0.76828429 -889.00337705 -203.90129984 433.42484166
night/rear/1418236778770898.jpg 0.15007665 -0.04844585 -0.62015643 -0.76846340 -889.08178293 -203.05167818 434.98847031
night/rear/1418236778861760.jpg 0.15073984 -0.04753946 -0.61938800 -0.76900975 -888.85485218 -205.83613543 434.81318771
night/rear/1418236779043608.jpg 0.14955685 -0.04829337 -0.61746802 -0.77073585 -889.54401591 -205.14274842 435.33223176
night/rear/1418236779134470.jpg 0.14881028 -0.04897959 -0.61659549 -0.77153516 -889.86912298 -204.13581792 435.95699723
night/rear/1418236779225333.jpg 0.14843180 -0.04914774 -0.61582506 -0.77221241 -890.01486253 -204.34420113 436.21619968
night/rear/1418236779407182.jpg 0.14754237 -0.05015725 -0.61444101 -0.77341952 -890.42461489 -203.44857796 437.61979425
night/rear/1418236779498043.jpg 0.14648720 -0.05059150 -0.61343256 -0.77439170 -891.12999573 -202.44273187 437.53670001
night/rear/1418236779588905.jpg 0.14546219 -0.04949495 -0.61177099 -0.77596859 -892.39711332 -203.88175378 434.99058778
night/rear/1418236779770755.jpg 0.14411020 -0.04807026 -0.61075752 -0.77710794 -894.17883331 -204.89760465 432.47302038
dawn/rear/1418722884764932.jpg 0.14344337 -0.05077401 -0.62281899 -0.76742589 -894.39557815 -188.86329210 430.76779286
dawn/rear/1418722884946660.jpg 0.14447578 -0.04966135 -0.62172160 -0.76819447 -893.99113144 -192.81338933 431.28400128
dawn/rear/1418722885037522.jpg 0.14399392 -0.04987234 -0.62068772 -0.76910679 -894.28805155 -192.87563769 431.41943322
dawn/rear/1418722885219372.jpg 0.14299476 -0.05121035 -0.61892932 -0.77062085 -894.52823085 -191.50666110 432.89035532
dawn/rear/1418722885310233.jpg 0.14270424 -0.05160426 -0.61834173 -0.77111996 -894.61198193 -191.20188421 433.49783576
dawn/rear/1418722885492083.jpg 0.14255525 -0.05171557 -0.61773052 -0.77162977 -894.74918883 -191.75992604 434.51639881
dawn/rear/1418722885582945.jpg 0.14160155 -0.05098529 -0.61624995 -0.77303655 -895.87549602 -192.69401372 432.57275000
dawn/rear/1418722885764794.jpg 0.13941843 -0.05079862 -0.61421291 -0.77506419 -897.76825730 -191.79114010 430.35673527
dawn/rear/1418722885946518.jpg 0.13882633 -0.04771006 -0.61181635 -0.77725913 -899.47487004 -196.93903246 425.56354827
dawn/rear/1418722886037380.jpg 0.13805977 -0.04670653 -0.61158810 -0.77763616 -900.57038759 -197.43363264 423.78627188
night-rain/rear/1418841594623241.jpg 0.13712677 -0.02163909 -0.62473614 -0.76839622 -909.38658788 -214.88973689 380.55872102
night-rain/rear/1418841594748225.jpg 0.13812494 -0.02211334 -0.62490199 -0.76806901 -908.42724175 -215.75290933 383.43387592
night-rain/rear/1418841594873210.jpg 0.13961912 -0.02209072 -0.62411457 -0.76843965 -907.07353942 -218.59773245 385.67664096
night-rain/rear/1418841594998194.jpg 0.14090688 -0.02224298 -0.62348396 -0.76871207 -905.92888979 -220.82827907 388.01115713
night-rain/rear/1418841595123179.jpg 0.14140810 -0.02278706 -0.62203637 -0.76977610 -905.28574702 -222.09284229 389.72382365
night-rain/rear/1418841595248164.jpg 0.14136920 -0.02409876 -0.61984776 -0.77150680 -904.83659911 -222.15576264 391.91064887
night-rain/rear/1418841595373148.jpg 0.14150795 -0.02495997 -0.61789926 -0.77301552 -904.36810924 -222.92229422 393.49136199
night-rain/rear/1418841595623116.jpg 0.14223133 -0.02715235 -0.61669259 -0.77377209 -903.04733340 -222.62024244 398.75328019
night-rain/rear/1418841595748103.jpg 0.14197007 -0.02782086 -0.61579704 -0.77450920 -903.04647105 -222.31743814 400.06316139
night-rain/rear/1418841595873086.jpg 0.14196126 -0.02690725 -0.61432687 -0.77570968 -903.26433327 -224.70196878 398.96440279
snow/rear/1422955147584215.jpg 0.13876959 -0.04274342 -0.62615773 -0.76605646 -901.23633976 -189.96446263 415.21640594
snow/rear/1422955147765968.jpg 0.14038697 -0.04273757 -0.62507320 -0.76664757 -899.86760276 -193.21168405 417.67047341
snow/rear/1422955147947846.jpg 0.13974530 -0.04452247 -0.62342662 -0.76800277 -899.64477069 -191.57196300 419.92162929
snow/rear/1422955148220601.jpg 0.13946863 -0.04539824 -0.62156134 -0.76951218 -899.45363546 -191.85821035 421.65767998
snow/rear/1422955148402354.jpg 0.13953405 -0.04490824 -0.61960612 -0.77110424 -899.55329306 -194.29040518 421.33133116
snow/rear/1422955148584233.jpg 0.13903956 -0.04626554 -0.61881459 -0.77174866 -899.47034119 -192.87102310 423.37367596
snow/rear/1422955148765986.jpg 0.13822174 -0.04676270 -0.61776796 -0.77270353 -899.92785912 -192.13760383 423.74690609
snow/rear/1422955148947864.jpg 0.13793749 -0.04511929 -0.61573797 -0.77447030 -900.74895245 -195.55404239 421.25520141
snow/rear/1422955149129616.jpg 0.13777972 -0.04420124 -0.61507012 -0.77508177 -901.24912450 -197.18154934 420.43319141
dusk/rear/1424451897383079.jpg 0.14005981 -0.05454585 -0.62322608 -0.76746156 -895.61178676 -179.28798808 433.94382527
dusk/rear/1424451897473956.jpg 0.13993749 -0.05424942 -0.62223749 -0.76830658 -895.81634284 -180.40373951 433.62140943
dusk/rear/1424451897655832.jpg 0.13849097 -0.05528336 -0.62061401 -0.76980663 -896.52381576 -178.67494894 434.12913116
dusk/rear/1424451897837583.jpg 0.13762176 -0.05444493 -0.61957667 -0.77085715 -897.61685133 -179.61047105 432.80518707
dusk/rear/1424451897928584.jpg 0.13697810 -0.05504089 -0.61950908 -0.77098379 -897.95838984 -178.31112394 433.54628095
dusk/rear/1424451898110336.jpg 0.13504907 -0.05359804 -0.61747206 -0.77305708 -900.17730476 -179.29461879 429.86261547
dusk/rear/1424451898292212.jpg 0.13221762 -0.05065570 -0.61523126 -0.77552756 -903.71869763 -181.02274896 422.78381193
dusk/rear/1424451898383088.jpg 0.13172225 -0.04893618 -0.61450773 -0.77629553 -904.84960007 -183.17457134 420.12955096
sun/rear/1425998535375508.jpg 0.13895233 -0.03970831 -0.62518057 -0.76698419 -902.03339683 -195.12572068 411.10422637
sun/rear/1425998535557386.jpg 0.13883533 -0.03910563 -0.62410195 -0.76791422 -902.32644531 -196.82122321 411.01565678
sun/rear/1425998535648261.jpg 0.13810775 -0.03965791 -0.62284609 -0.76903592 -902.70754982 -196.24804728 411.26676629
sun/rear/1425998535830013.jpg 0.13827328 -0.03962953 -0.62110909 -0.77041125 -902.50742411 -198.11565496 412.11242168
sun/rear/1425998535921016.jpg 0.13787404 -0.03996561 -0.61975943 -0.77155152 -902.69099607 -198.31207878 412.26800681
sun/rear/1425998536102766.jpg 0.13785862 -0.04069398 -0.61865782 -0.77239983 -902.45458214 -198.64161357 414.20675776
sun/rear/1425998536193767.jpg 0.13720605 -0.04127348 -0.61790129 -0.77309055 -902.74502946 -197.76280356 414.74776229
sun/rear/1425998536375519.jpg 0.13705017 -0.03966422 -0.61619295 -0.77456456 -903.42681203 -201.10790044 412.88375486
sun/rear/1425998536557397.jpg 0.13696441 -0.03917589 -0.61605012 -0.77471817 -903.67631264 -201.96516988 413.28506018
sun/rear/1425998536648270.jpg 0.13659978 -0.03910243 -0.61651683 -0.77441494 -903.89021849 -201.32663974 413.54066660
overcast-summer/rear/1432294914652446.jpg 0.14238855 -0.05436911 -0.62388140 -0.76651256 -893.65600077 -182.01099942 435.81835545
overcast-summer/rear/1432294914743322.jpg 0.14224714 -0.05373314 -0.62336687 -0.76700212 -894.04175941 -183.15242963 435.17370070
overcast-summer/rear/1432294914925200.jpg 0.13857850 -0.05308013 -0.62179900 -0.76898927 -897.40073022 -180.48163348 430.83744984
overcast-summer/rear/1432294915016076.jpg 0.13761904 -0.05272571 -0.62073303 -0.77004643 -898.31860939 -180.60595166 429.60027617
overcast-winter/rear/1447412497408663.jpg 0.11352423 -0.03148412 -0.62700937 -0.77005211 -925.92133265 -168.46304946 369.22043988
overcast-winter/rear/1447412497590389.jpg 0.11325855 -0.03093542 -0.62585781 -0.77104961 -926.29724442 -169.77344052 368.60613977
overcast-winter/rear/1447412497863102.jpg 0.11333248 -0.03164253 -0.62451521 -0.77209795 -925.98484059 -170.21336979 370.56665523
overcast-winter/rear/1447412498044953.jpg 0.11456330 -0.03197264 -0.62369644 -0.77256440 -924.92893764 -172.29942305 373.08729691
overcast-winter/rear/1447412498226679.jpg 0.11684819 -0.03274905 -0.62264155 -0.77304043 -922.85839532 -175.45617723 377.57371330
overcast-winter/rear/1447412498499392.jpg 0.12003645 -0.03546477 -0.62054955 -0.77411353 -919.47791978 -178.50552095 385.90263577
overcast-winter/rear/1447412498681242.jpg 0.12111668 -0.03772599 -0.61934986 -0.77479884 -917.76221069 -178.28237628 390.99870304
overcast-winter/rear/1447412498953831.jpg 0.12563340 -0.03716517 -0.61611992 -0.77667963 -914.32550635 -188.01319325 395.72276576
rain/rear/1416909274028455.jpg 0.70164735 -0.59134043 -0.24278694 -0.31474116 242.75393970 -42.25633812 190.30744359
rain/rear/1416909274210178.jpg 0.69575463 -0.58920964 -0.25005599 -0.32592867 236.90275211 -44.19129587 198.09954575
rain/rear/1416909274392026.jpg 0.69080569 -0.58658077 -0.25655311 -0.33599256 231.41267350 -46.03022385 204.98044497
rain/rear/1416909274573751.jpg 0.68752382 -0.58265384 -0.26295532 -0.34449964 226.31814556 -47.46978958 211.11421989
rain/rear/1416909274755599.jpg 0.68482662 -0.57796496 -0.26854888 -0.35334190 221.14315904 -49.66035572 216.89833745
rain/rear/1416909274937325.jpg 0.68321391 -0.57390308 -0.27486679 -0.35819303 217.24047368 -49.90068241 221.72496349
rain/rear/1416909275119172.jpg 0.68076226 -0.57084389 -0.28096930 -0.36298244 213.32006796 -49.94123804 226.45797761
rain/rear/1416909275301020.jpg 0.67873706 -0.56871961 -0.28487804 -0.36704019 210.32595261 -50.43803634 230.10404048
rain/rear/1416909275482745.jpg 0.67707551 -0.56630579 -0.29103737 -0.36900373 207.77985081 -49.12283433 234.13101308
rain/rear/1416909275664595.jpg 0.67652993 -0.56428915 -0.29346082 -0.37116809 205.98198503 -49.42137698 236.48110224
night/rear/1418237136628725.jpg 0.68635450 -0.58454897 -0.26134460 -0.34484634 226.68206311 -47.97170899 209.89888685
night/rear/1418237136810450.jpg 0.68226846 -0.57896999 -0.26785210 -0.35715368 219.87999791 -51.27373172 217.25365207
night/rear/1418237136992299.jpg 0.67978931 -0.57354163 -0.27698105 -0.36361793 214.44774108 -51.21051335 223.74623789
night/rear/1418237137083159.jpg 0.67826230 -0.57199585 -0.28077972 -0.36598326 212.26199828 -50.87499398 226.39515273
night/rear/1418237137264885.jpg 0.67572572 -0.56805876 -0.28788843 -0.37124689 207.63496675 -50.73391057 231.67374309
night/rear/1418237137446734.jpg 0.67363417 -0.56566112 -0.29397279 -0.37393114 204.42947477 -49.82634655 235.80587401
night/rear/1418237137628583.jpg 0.67307652 -0.56263398 -0.29832114 -0.37605252 202.34652883 -49.61733311 239.31530799
night/rear/1418237137810307.jpg 0.67285214 -0.56088100 -0.29942612 -0.37818845 200.99490382 -50.61128818 241.32573600
night/rear/1418237137901169.jpg 0.67313817 -0.56001607 -0.29962477 -0.37880338 200.64151913 -51.10016704 241.99571346
night/rear/1418237138083018.jpg 0.67254163 -0.55997120 -0.29983287 -0.37976341 200.11348829 -51.57645510 243.40423286
dawn/rear/1418723281435935.jpg 0.68880857 -0.58277075 -0.26504575 -0.34010550 227.75470173 -44.75093352 209.57564292
dawn/rear/1418723281617659.jpg 0.68633902 -0.58082463 -0.26813942 -0.34595195 224.59482556 -46.25753628 213.54607633
dawn/rear/1418723281799508.jpg 0.68450493 -0.57745086 -0.27079697 -0.35308993 220.93813349 -48.68947571 217.56132883
dawn/rear/1418723281981232.jpg 0.68333411 -0.57466555 -0.27605796 -0.35581737 218.22549689 -48.26137539 221.32217442
dawn/rear/1418723282163082.jpg 0.68258058 -0.57214487 -0.27969760 -0.35847350 215.99249492 -48.47243094 224.41255279
dawn/rear/1418723282344931.jpg 0.68168174 -0.57064350 -0.28261546 -0.36028392 214.30149531 -48.42680026 227.01258918
dawn/rear/1418723282617517.jpg 0.68089739 -0.56772418 -0.28714935 -0.36278540 212.11706487 -48.29581218 231.09891310
dawn/rear/1418723282799366.jpg 0.67998364 -0.56672811 -0.28864208 -0.36486607 210.70554213 -48.74324887 233.24853542
dawn/rear/1418723282890228.jpg 0.68010881 -0.56545955 -0.28966964 -0.36578546 209.96179424 -49.08550790 234.39763169
dawn/rear/1418723283072078.jpg 0.67884553 -0.56537797 -0.29071851 -0.36742244 208.88955261 -49.41278122 236.26999541
night-rain/rear/1418841889086996.jpg 0.69570091 -0.59008876 -0.25309336 -0.32208578 237.77069874 -41.15974933 198.11848038
night-rain/rear/1418841889336964.jpg 0.69240090 -0.58796641 -0.25763055 -0.32939794 233.88369690 -42.74561018 203.39817556
night-rain/rear/1418841889586934.jpg 0.68971806 -0.58564452 -0.25900000 -0.33797707 230.25874520 -46.19524625 207.66872433
night-rain/rear/1418841889836903.jpg 0.68869623 -0.58278469 -0.26355739 -0.34146303 227.59844719 -46.43772688 211.64513399
night-rain/rear/1418841889961888.jpg 0.68857552 -0.58153697 -0.26574753 -0.34213557 226.68761294 -46.13729199 213.20365009
night-rain/rear/1418841890211857.jpg 0.68800491 -0.57953451 -0.26865917 -0.34439984 224.91490166 -46.41169418 216.03863677
night-rain/rear/1418841890461826.jpg 0.68700418 -0.57800195 -0.27170710 -0.34657503 223.10903924 -46.49571799 218.98026601
night-rain/rear/1418841890711795.jpg 0.68652859 -0.57623389 -0.27554219 -0.34743273 221.92495936 -45.65432909 221.86197332
night-rain/rear/1418841890961765.jpg 0.68510474 -0.57466991 -0.27674808 -0.35184727 219.74127923 -47.40983154 224.73045197
snow/rear/1422955431316278.jpg 0.68175399 -0.58121984 -0.27386949 -0.34984354 221.38242188 -44.91784885 216.60937501
snow/rear/1422955431589029.jpg 0.67933313 -0.57728026 -0.27680137 -0.35865722 216.91443940 -48.07028483 221.39929423
snow/rear/1422955431770783.jpg 0.67740903 -0.57615276 -0.28002589 -0.36159439 214.69216878 -48.12452777 224.24713288
snow/rear/1422955432043537.jpg 0.67512536 -0.57455483 -0.28504605 -0.36447394 211.84145717 -47.61729200 228.13994788
snow/rear/1422955432316292.jpg 0.67351596 -0.57314243 -0.28806293 -0.36729246 209.65188551 -47.83937726 231.10351559
snow/rear/1422955432589050.jpg 0.67265370 -0.57126264 -0.29153130 -0.36906029 208.08507214 -47.51481965 234.11421249
snow/rear/1422955432861679.jpg 0.67299164 -0.56896155 -0.29396896 -0.37006385 206.81453094 -47.61394494 236.19265060
snow/rear/1422955433043557.jpg 0.67342446 -0.56738259 -0.29453947 -0.37124520 206.09063280 -48.47769873 237.41291905
snow/rear/1422955433407185.jpg 0.67327168 -0.56577977 -0.29498941 -0.37360373 204.88028572 -49.84735847 239.49085329
snow/rear/1422955433589066.jpg 0.67319648 -0.56505221 -0.29574398 -0.37424324 204.32590491 -50.07249991 240.57046708
dusk/rear/1424452540207562.jpg 0.67260241 -0.57337684 -0.28241105 -0.37294638 208.95755993 -51.07968104 224.84736995
dusk/rear/1424452540389314.jpg 0.66876023 -0.57177684 -0.28724859 -0.37857529 205.00653931 -51.44277048 229.21380391
dusk/rear/1424452540662067.jpg 0.66576704 -0.56826248 -0.29285022 -0.38479962 200.44582832 -52.25819148 234.28120592
dusk/rear/1424452540934819.jpg 0.66425428 -0.56424175 -0.29620559 -0.39071697 196.63012015 -54.12257227 238.21516281
dusk/rear/1424452541025695.jpg 0.66388497 -0.56336467 -0.29824026 -0.39106234 195.77175391 -53.65918622 239.51095862
dusk/rear/1424452541207573.jpg 0.66294985 -0.56196486 -0.30159824 -0.39208609 194.10765883 -52.76175212 242.10304461
dusk/rear/1424452541389324.jpg 0.66205287 -0.56150156 -0.30393585 -0.39246019 193.09303572 -52.11173026 243.92592641
dusk/rear/1424452541571200.jpg 0.66156047 -0.56074259 -0.30673156 -0.39220052 192.19618028 -51.12678472 245.70946649
dusk/rear/1424452541934829.jpg 0.66280955 -0.55751906 -0.30990079 -0.39219574 191.35476357 -50.88896584 248.56525737
dusk/rear/1424452542025705.jpg 0.66330234 -0.55631511 -0.31019752 -0.39283712 190.93521081 -51.44202438 249.24069031
sun/rear/1425998812196768.jpg 0.67800129 -0.57528797 -0.27876200 -0.36283571 213.68474328 -49.18819229 223.23544893
sun/rear/1425998812469397.jpg 0.67635789 -0.57466425 -0.28104448 -0.36512327 211.99869931 -49.31952928 225.65384489
sun/rear/1425998812833025.jpg 0.67550426 -0.57260545 -0.28477096 -0.36704564 209.98102409 -49.11435129 228.69493501
sun/rear/1425998813105779.jpg 0.67444162 -0.57206468 -0.28849350 -0.36693596 208.79741488 -47.68974736 230.88528197
sun/rear/1425998813469409.jpg 0.67391635 -0.57092622 -0.29000474 -0.36847965 207.61632117 -48.11001833 233.03667051
sun/rear/1425998813742162.jpg 0.67395234 -0.56954477 -0.29116190 -0.36963732 207.07188645 -48.43940441 234.70960600
sun/rear/1425998814105789.jpg 0.67474440 -0.56717634 -0.29167362 -0.37142630 206.10586645 -49.74700702 236.34871397
sun/rear/1425998814469418.jpg 0.67306073 -0.56743876 -0.29175889 -0.37400434 204.91947492 -50.77713992 238.34985257
sun/rear/1425998814742174.jpg 0.67094430 -0.56782678 -0.29249744 -0.37663211 203.48330712 -51.39745528 240.27701621
overcast-summer/rear/1432295220838293.jpg 0.68946030 -0.59042908 -0.25562961 -0.33270332 233.16682482 -44.09707816 203.88821153
overcast-summer/rear/1432295221020174.jpg 0.68612717 -0.58650320 -0.25984515 -0.34310931 228.01123527 -47.30918116 209.78513634
overcast-summer/rear/1432295221202050.jpg 0.68303752 -0.58291788 -0.26685998 -0.34993178 223.29547808 -47.82738589 215.66521316
overcast-summer/rear/1432295221383802.jpg 0.68053343 -0.57908138 -0.27394753 -0.35565679 218.84927953 -47.95512810 221.14584483
overcast-summer/rear/1432295221565679.jpg 0.67815411 -0.57602561 -0.27938146 -0.36089819 214.98860470 -48.43722684 225.80525007
overcast-summer/rear/1432295221747432.jpg 0.67687517 -0.57330533 -0.28466647 -0.36349140 212.19687545 -47.93099198 229.56517918
overcast-summer/rear/1432295221929309.jpg 0.67603125 -0.57055258 -0.28807768 -0.36669163 210.06114395 -48.42113573 233.03439163
overcast-summer/rear/1432295222111062.jpg 0.67523866 -0.56812125 -0.28978225 -0.37056342 207.80805501 -49.93823371 235.75816477
overcast-summer/rear/1432295222292939.jpg 0.67400705 -0.56698104 -0.29173018 -0.37301542 206.06091061 -50.45359603 238.21678866
overcast-summer/rear/1432295222474692.jpg 0.67175033 -0.56751828 -0.29323540 -0.37508332 204.61059505 -50.51920381 240.48741092
overcast-winter/rear/1447412961073581.jpg 0.68117857 -0.58162810 -0.26943784 -0.35370574 220.90964834 -48.45609186 217.26192172
overcast-winter/rear/1447412961346296.jpg 0.67892231 -0.57827156 -0.27671736 -0.35790222 216.98193224 -47.83425725 222.51066264
overcast-winter/rear/1447412961528021.jpg 0.67805236 -0.57654185 -0.27935998 -0.36028114 215.16763307 -48.12380255 224.96790066
overcast-winter/rear/1447412961800738.jpg 0.67652882 -0.57476495 -0.28321944 -0.36296109 212.80638116 -48.04733413 228.32080999
overcast-winter/rear/1447412962073448.jpg 0.67594194 -0.57274471 -0.28704791 -0.36423825 211.35288239 -47.41875131 231.39322019
overcast-winter/rear/1447412962255300.jpg 0.67573701 -0.57154615 -0.28825943 -0.36554206 210.38797433 -47.82285428 232.94021141
overcast-winter/rear/1447412962527890.jpg 0.67607747 -0.56946971 -0.28899611 -0.36756598 209.25872978 -49.04817013 234.85924160
